1,100米短跑,2025-03-21 22:19:44,2025-03-24 14:00:00,7,2025-04-11 23:48:00,2025-04-11 23:37:00,,,2,3,1,主田径场,1,1,1,100,4,3,4,1,,1
2,800米短跑,2025-03-11 08:00:00,2025-03-27 18:00:00,3,2025-03-21 22:30:00,2025-03-21 23:52:00,,,2,3,2,"",1,2,4,,4,4,4,1,1,1
3,200米短跑,2025-03-11 08:00:00,2025-03-13 18:00:00,3,2025-03-09 10:01:00,2025-03-09 12:30:00,,,2,3,3,待定,1,1,2,4*100,4,4,4,,,1
4,200米短跑,2025-03-11 08:00:00,2025-03-27 18:00:00,15,2024-06-02 08:00:00,2024-06-02 09:38:00,,,2,1,4,待定,1,1,1,200,4,5,8,1,1,1
5,800米跑,2025-03-10 13:30:00,2025-03-10 13:57:00,16,2025-03-10 13:30:00,2025-03-10 13:57:00,,,3,2,4,女厕所,1,1,1,200,4,3,4,1,1,1
6,200米短跑,2025-03-10 13:30:00,2025-03-10 13:57:00,4,2025-03-10 13:57:00,2025-03-10 14:24:00,,,2,3,4,"",1,1,1,200,4,3,4,1,1,1
7,200米短跑,,,0,2025-03-10 13:30:00,2025-03-10 14:30:00,,,2,3,7,"",1,2,1,,4,3,4,,1,1
8,200米短跑,,,0,2025-03-10 13:30:00,2025-03-10 14:20:00,,,2,3,8,"",1,2,2,,4,3,4,,1,1
9,200米短跑,,,0,2025-03-10 13:30:00,2025-03-10 15:07:00,,,2,3,9,"",1,2,3,,4,3,4,,1,1
10,200米短跑,,,0,2025-03-10 14:24:00,2025-03-10 15:00:00,,,2,3,10,"",1,1,1,200,4,3,4,,1,1
11,200米短跑,,,0,2025-03-10 15:00:00,2025-03-10 16:18:00,,,2,3,11,"",1,1,1,800,4,3,4,,1,1
12,200米短跑,,,0,2025-03-11 09:30:00,2025-03-11 10:17:00,,,2,3,12,"",1,1,1,4*100,4,3,4,,1,1
13,200米短跑,,,0,2025-03-11 10:17:00,2025-03-11 11:08:00,,,2,3,13,"",1,1,1,400,4,3,4,,1,1
14,200米短跑,,,0,2025-03-11 11:08:00,2025-03-11 11:51:00,,,2,3,14,"",1,1,1,600,4,3,4,,1,1
93,三级跳远,2025-03-26 16:53:37,2025-03-29 18:00:00,0,2025-04-11 13:15:00,2025-04-11 13:25:00,,,1,1,93,操场,1,2,1,"",,3,,,0,
125,200米短跑,2025-04-13 00:00:00,2025-04-18 21:29:41,24,2025-04-19 08:30:00,2025-04-19 11:30:00,,,3,1,125,主田径场,2,1,1,200,6,3,16,1,,9
128,200米短跑,2025-04-13 00:00:00,2025-04-18 21:29:41,0,2025-04-21 09:20:00,2025-04-21 09:29:00,,,3,2,125,主田径场,2,1,1,200,8,1,8,1,,9
129,200米短跑,2025-04-13 00:00:00,2025-04-18 21:29:41,0,2025-04-21 09:29:00,2025-04-21 09:56:00,,,3,3,125,主田径场,2,1,1,200,,3,,,,9
169,800米中长跑,2025-04-13 00:00:00,2025-04-18 21:29:41,5,2025-04-19 13:30:00,2025-04-19 14:00:00,,,2,1,169,副田径场,2,1,1,800,8,3,4,1,1,10
170,800米中长跑,2025-04-13 00:00:00,2025-04-18 21:29:41,7,2025-04-19 08:53:00,2025-04-19 09:01:00,,,2,1,170,副田径场,2,1,1,800,8,5,4,1,0,10
171,800米中长跑,2025-04-13 00:00:00,2025-04-18 21:29:41,0,2025-04-21 09:56:00,2025-04-21 10:04:00,,,2,3,169,副田径场,2,1,1,800,8,1,8,1,1,10
172,800米中长跑,2025-04-13 00:00:00,2025-04-18 21:29:41,4,2025-04-21 10:04:00,2025-04-21 10:12:00,,,2,3,170,副田径场,2,1,1,800,8,3,8,1,0,10
173,400米接力跑,2025-04-13 00:00:00,2025-04-18 21:29:41,4,2025-04-21 09:01:00,2025-04-21 09:20:00,,,1,3,173,主田径场,2,1,2,4*100,,3,,,,10
174,三级跳远,2025-04-13 00:00:00,2025-04-18 21:29:41,2,2025-04-21 08:30:00,2025-04-21 08:42:00,,,1,3,174,跳远场,2,2,2,"",,3,,,1,8
175,三级跳远,2025-04-13 00:00:00,2025-04-18 21:29:41,1,2025-04-21 08:42:00,2025-04-21 08:53:00,,,1,3,175,跳远场,2,2,2,"",,3,,,0,8
178,跳远,2025-04-13 00:00:00,2025-04-18 21:29:41,17,2025-04-21 08:30:00,2025-04-21 08:57:00,,,1,3,178,跳远场,2,2,1,"",,3,,,,8
179,铅球,2025-04-13 00:00:00,2025-04-18 21:29:41,1,2025-04-21 08:30:00,2025-04-21 08:41:00,,,1,3,179,铅球坑,2,2,3,"",,3,,,0,11
180,铅球,2025-04-13 00:00:00,2025-04-18 21:29:41,1,2025-04-21 08:41:00,2025-04-21 08:52:00,,,1,3,180,铅球坑,2,2,3,"",,3,,,1,11
181,跳远,2025-04-13 00:00:00,2025-04-18 21:29:41,0,,,,,1,3,181,跳远赛道,2,2,1,"",,2,,,0,8
182,跳高,2025-04-13 00:00:00,2025-04-18 21:29:41,1,2025-04-21 08:30:00,2025-04-21 08:41:00,,,1,3,182,跳高比赛地,2,2,4,"",,3,,,0,8
183,跳高,2025-04-13 00:00:00,2025-04-18 21:29:41,0,,,,,1,3,183,跳高比赛地,2,2,4,"",,2,,,1,
458,800米,2025-04-04 08:00:00,2025-04-05 18:00:00,0,,,,,1,3,458,大操场,15,1,1,800,,2,,,1,61
459,800米,2025-04-04 08:00:00,2025-04-05 18:00:00,0,,,,,1,3,459,大操场,15,1,1,800,,2,,,0,61
464,400米,2025-04-04 08:00:00,2025-04-05 18:00:00,0,,,,,2,1,464,大操场,15,1,1,100,4,1,6,1,0,61
465,400米,2025-04-04 08:00:00,2025-04-05 18:00:00,0,,,,,2,1,465,大操场,15,1,1,100,4,1,6,1,1,61
466,400米,,,0,2025-04-05 00:36:00,2025-04-05 00:57:00,,,2,3,464,大操场,15,1,1,100,,1,,,0,61
467,400米,,,0,2025-04-05 00:57:00,2025-04-05 01:18:00,,,2,3,465,大操场,15,1,1,100,,1,,,1,61
468,4×100米接力,2025-04-04 08:00:00,2025-04-05 18:00:00,0,,,,,1,3,468,大操场,15,1,2,4*100,,2,,,,61
469,4×400米接力,2025-04-04 08:00:00,2025-04-05 18:00:00,0,,,,,1,3,469,大操场,15,1,2,4*400,,2,,,,61
470,1500米,2025-04-04 08:00:00,2025-04-05 18:00:00,0,,,,,1,3,470,大操场,15,1,1,1500,,2,,,1,61
471,跳远,2025-04-04 08:00:00,2025-04-05 18:00:00,0,,,,,1,3,471,小操场,15,2,1,"",,2,,,0,67
472,跳远,2025-04-04 08:00:00,2025-04-05 18:00:00,0,,,,,1,3,472,小操场,15,2,1,"",,2,,,1,67
473,跳高,2025-04-04 08:00:00,2025-04-05 18:00:00,0,,,,,1,3,473,小操场,15,2,4,"",,2,,,1,67
474,跳高,2025-04-04 08:00:00,2025-04-05 18:00:00,0,,,,,1,3,474,小操场,15,2,4,"",,2,,,0,67
475,三级跳远,2025-04-04 08:00:00,2025-04-05 18:00:00,0,,,,,1,3,475,小操场,15,2,2,"",,2,,,1,67
476,铅球,2025-04-04 08:00:00,2025-04-05 18:00:00,0,,,,,1,3,476,小操场,15,2,3,"",,2,,,1,67
477,铅球,2025-04-04 08:00:00,2025-04-05 18:00:00,0,,,,,1,3,477,小操场,15,2,3,"",,2,,,0,67
551,县直200米,2025-04-01 08:00:00,2025-04-05 18:00:00,0,,,,,2,1,551,田径场,3,1,1,200,6,1,7,1,0,18
552,县直200米,2025-04-01 08:00:00,2025-04-05 18:00:00,0,,,,,2,1,552,田径场,3,1,1,200,6,1,7,1,1,18
553,县直200米,,,0,2025-05-11 00:03:00,2025-05-11 00:27:00,,,2,3,551,田径场,3,1,1,200,,1,,,0,18
554,县直200米,,,0,2025-05-11 00:27:00,2025-05-11 00:51:00,,,2,3,552,田径场,3,1,1,200,,1,,,1,18
557,高中200米,2025-04-01 08:00:00,2025-04-05 18:00:00,1,2025-05-11 00:00:00,2025-05-11 00:03:00,,,2,1,557,田径场,3,1,1,200,4,3,6,1,1,18
558,高中200米,,,0,2025-05-11 00:51:00,2025-05-11 01:12:00,,,2,3,557,田径场,3,1,1,200,,1,,,1,18
559,高中200米,2025-04-01 08:00:00,2025-04-05 18:00:00,0,,,,,2,1,559,田径场,3,1,1,200,4,1,6,1,0,18
560,高中200米,,,0,2025-05-11 01:12:00,2025-05-11 01:33:00,,,2,3,559,田径场,3,1,1,200,,1,,,0,18
561,初中200米,2025-04-01 08:00:00,2025-04-05 18:00:00,0,,,,,2,1,561,田径场,3,1,1,200,4,1,16,1,1,
562,初中200米,2025-04-01 08:00:00,2025-04-05 18:00:00,0,,,,,2,1,562,田径场,3,1,1,200,4,1,16,1,0,
563,初中200米,,,0,2025-05-11 01:33:00,2025-05-11 02:24:00,,,2,3,561,田径场,3,1,1,200,,1,,,1,
564,初中200米,,,0,2025-05-11 02:24:00,2025-05-11 03:15:00,,,2,3,562,田径场,3,1,1,200,,1,,,0,
565,农小200米,2025-04-01 08:00:00,2025-04-05 18:00:00,0,,,,,2,1,565,田径场,3,1,1,200,4,1,16,1,1,
566,农小200米,2025-04-01 08:00:00,2025-04-05 18:00:00,0,,,,,2,1,566,田径场,3,1,1,200,4,1,16,1,0,
567,农小200米,,,0,2025-05-11 03:15:00,2025-05-11 04:06:00,,,2,3,565,田径场,3,1,1,200,,1,,,1,
568,农小200米,,,0,2025-05-11 04:06:00,2025-05-11 04:57:00,,,2,3,566,田径场,3,1,1,200,,1,,,0,
571,高中跳远,2025-04-01 08:00:00,2025-04-05 18:00:00,0,,,,,1,3,571,田径场,3,2,1,"",4,1,6,1,0,20
573,高中三级跳远,2025-04-01 08:00:00,2025-04-05 18:00:00,0,,,,,1,3,573,田径场,3,2,2,"",4,1,6,1,1,20
575,县直小学铅球,2025-04-01 08:00:00,2025-04-05 18:00:00,0,,,,,1,3,575,田径场,3,2,4,"",4,1,6,1,0,20
577,县直小学铅球,2025-04-01 08:00:00,2025-04-05 18:00:00,0,,,,,1,3,577,铅球坑,3,2,3,"",4,1,6,1,1,20
579,高中4×100米,2025-04-01 08:00:00,2025-04-05 18:00:00,0,,,,,1,3,579,田径场,3,1,2,4*100,,2,,,,17
581,初中4×100米,2025-04-01 08:00:00,2025-04-05 18:00:00,0,,,,,2,1,581,田径场,3,1,2,4*100,4,1,4,1,1,
582,初中4×100米,2025-04-01 08:00:00,2025-04-05 18:00:00,0,,,,,2,1,582,田径场,3,1,2,4*100,4,1,4,1,0,
583,初中4×100米,,,0,2025-05-11 04:57:00,2025-05-11 05:16:00,,,2,3,581,田径场,3,1,2,4*100,,1,,,1,
584,初中4×100米,,,0,2025-05-11 05:16:00,2025-05-11 05:35:00,,,2,3,582,田径场,3,1,2,4*100,,1,,,0,
585,农小4×100米,2025-04-01 08:00:00,2025-04-01 18:00:00,0,,,,,2,1,585,铅球坑,3,1,2,4*100,4,1,4,1,1,12
586,农小4×100米,,,0,2025-05-11 05:35:00,2025-05-11 05:54:00,,,2,3,585,铅球坑,3,1,2,4*100,,1,,,1,12
590,县直小学4×100米,2025-04-01 08:00:00,2025-04-05 18:00:00,0,,,,,1,3,590,田径场,3,1,2,4*100,,2,,,,81
591,高中100米,2025-04-01 08:00:00,2025-04-05 18:00:00,0,,,,,2,1,591,田径场,3,1,1,100,4,1,6,1,1,18
592,高中100米,2025-04-01 08:00:00,2025-04-05 18:00:00,0,,,,,2,1,592,田径场,3,1,1,100,4,1,6,1,0,18
593,高中100米,,,0,2025-05-11 05:54:00,2025-05-11 06:15:00,,,2,3,591,田径场,3,1,1,100,,1,,,1,18
594,高中100米,,,0,2025-05-11 06:15:00,2025-05-11 06:36:00,,,2,3,592,田径场,3,1,1,100,,1,,,0,18
595,初中100米,2025-04-01 08:00:00,2025-04-05 18:00:00,0,,,,,2,1,595,田径场,3,1,1,100,4,1,6,1,1,
596,初中100米,2025-04-01 08:00:00,2025-04-05 18:00:00,0,,,,,2,1,596,田径场,3,1,1,100,4,1,6,1,0,
597,初中100米,,,0,2025-05-11 06:36:00,2025-05-11 06:57:00,,,2,3,595,田径场,3,1,1,100,,1,,,1,
598,初中100米,,,0,2025-05-11 06:57:00,2025-05-11 07:18:00,,,2,3,596,田径场,3,1,1,100,,1,,,0,
599,县直100米,2025-04-01 08:00:00,2025-04-05 18:00:00,0,,,,,2,1,599,田径场,3,1,1,100,4,1,6,1,1,18
600,县直100米,,,0,2025-05-11 07:18:00,2025-05-11 07:39:00,,,2,3,599,田径场,3,1,1,100,,1,,,1,18
601,县直100米,2025-04-01 08:00:00,2025-04-05 18:00:00,0,,,,,2,1,601,田径场,3,1,1,100,4,1,6,1,0,18
602,县直100米,,,0,2025-05-11 07:39:00,2025-05-11 08:00:00,,,2,3,601,田径场,3,1,1,100,,1,,,0,18
603,农小100米,2025-04-01 08:00:00,2025-04-05 18:00:00,0,,,,,2,1,603,田径场,3,1,1,100,4,1,6,1,0,12
604,农小100米,2025-04-01 08:00:00,2025-04-05 18:00:00,0,,,,,2,1,604,田径场,3,1,1,100,4,1,6,1,1,12
605,农小100米,,,0,2025-05-11 08:00:00,2025-05-11 08:21:00,,,2,3,604,田径场,3,1,1,100,,1,,,1,12
606,农小100米,,,0,2025-05-11 08:21:00,2025-05-11 08:42:00,,,2,3,603,田径场,3,1,1,100,,1,,,0,12
608,高中800米,2025-04-01 08:00:00,2025-04-05 18:00:00,0,,,,,2,1,608,田径场,3,1,1,800,4,1,6,1,0,19
610,高中800米,,,0,2025-05-11 08:42:00,2025-05-11 09:15:00,,,2,3,608,田径场,3,1,1,800,,1,,,0,19
612,农村小学4*100接力跑,2025-04-04 08:00:00,2025-04-05 18:00:00,0,,,,,1,3,612,跑道,3,1,2,4*100,,2,,,,15
613,农村小学800米,2025-04-04 16:31:22,2025-04-05 18:00:00,0,,,,,1,3,613,跑道,3,1,1,800,12,1,,,0,19
614,农村小学800米,2025-04-04 16:31:22,2025-04-05 18:00:00,0,,,,,1,3,614,跑道,3,1,1,800,12,1,,,1,
615,县直小学800米,2025-04-04 16:31:22,2025-04-05 18:00:00,0,,,,,1,3,615,跑道,3,1,1,800,12,1,,,0,
616,县直小学800米,2025-04-04 16:31:22,2025-04-05 18:00:00,0,,,,,1,3,616,跑道,3,1,1,800,12,1,,,1,19
617,初中1500米,2025-04-04 16:42:36,2025-04-05 18:00:00,0,,,,,1,3,617,跑道,3,1,1,1500,,2,,,0,13
618,初中1500米,2025-04-04 16:42:36,2025-04-05 18:00:00,0,,,,,1,3,618,跑道,3,1,1,1500,15,1,,,1,19
619,高中1500米,2025-04-04 16:42:36,2025-04-05 18:00:00,0,,,,,1,3,619,跑道,3,1,1,1500,15,1,,,0,19
620,高中1500米,2025-04-04 16:42:36,2025-04-05 18:00:00,0,,,,,1,3,620,跑道,3,1,1,1500,15,1,,,1,19
621,县直小学1500米,2025-04-04 16:42:36,2025-04-05 18:00:00,0,,,,,1,3,621,跑道,3,1,1,1500,15,1,,,1,20
622,县直小学1500米,2025-04-04 16:42:36,2025-04-05 18:00:00,0,,,,,1,3,622,跑道,3,1,1,1500,15,1,,,1,19
623,农村小学1500米,2025-04-04 16:42:36,2025-04-05 18:00:00,0,,,,,1,3,623,跑道,3,1,1,1500,15,1,,,1,13
624,农村小学1500米,2025-04-04 16:42:36,2025-04-05 18:00:00,0,,,,,1,3,624,跑道,3,1,1,1500,15,1,,,1,13
625,高中跳远,2025-04-04 17:07:09,2025-04-05 18:00:00,0,,,,,1,3,625,田径场,3,2,1,"",4,1,8,1,1,20
627,高中三级跳远,2025-04-04 17:11:38,2025-04-05 18:00:00,0,,,,,1,3,627,田径场,3,2,2,"",,2,,,0,20
628,县直小学跳高,2025-04-04 17:12:53,2025-04-05 18:00:00,0,,,,,1,3,628,田径场,3,2,4,"",,2,,,1,20
629,县直小学跳高,2025-04-04 17:15:17,2025-04-05 18:00:00,0,,,,,1,3,629,田径场,3,2,4,"",,2,,,0,20
630,农村小学跳高,2025-04-04 17:15:17,2025-04-05 18:00:00,0,,,,,1,3,630,田径场,3,2,4,"",,2,,,0,16
631,农村小学跳高,2025-04-04 17:15:17,2025-04-05 18:00:00,0,,,,,1,3,631,田径场,3,2,4,"",,2,,,1,16
632,初中小学跳高,2025-04-04 17:15:17,2025-04-05 18:00:00,0,,,,,1,3,632,田径场,3,2,4,"",,2,,,0,16
633,初中小学跳高,2025-04-04 17:15:17,2025-04-05 18:00:00,0,,,,,1,3,633,田径场,3,2,4,"",,2,,,1,16
634,高中跳高,2025-04-04 17:15:17,2025-04-05 18:00:00,0,,,,,1,3,634,田径场,3,2,4,"",,2,,,0,20
635,高中跳高,2025-04-04 17:15:17,2025-04-05 18:00:00,0,,,,,1,3,635,田径场,3,2,4,"",,2,,,1,20
636,初中三级跳远,2025-04-04 17:11:38,2025-04-05 18:00:00,0,,,,,1,3,636,田径场,3,2,2,"",,2,,,0,16
637,初中三级跳远,2025-04-04 17:11:38,2025-04-05 18:00:00,0,,,,,1,3,637,田径场,3,2,2,"",,2,,,1,16
638,县直小学三级跳远,2025-04-04 17:11:38,2025-04-05 18:00:00,0,,,,,1,3,638,田径场,3,2,2,"",,2,,,0,20
639,县直小学三级跳远,2025-04-04 17:11:38,2025-04-05 18:00:00,0,,,,,1,3,639,田径场,3,2,2,"",,2,,,1,20
640,农村小学三级跳远,2025-04-04 17:11:38,2025-04-05 18:00:00,0,,,,,1,3,640,田径场,3,2,2,"",,2,,,0,16
641,农村小学三级跳远,2025-04-04 17:11:38,2025-04-05 18:00:00,0,,,,,1,3,641,田径场,3,2,2,"",,2,,,1,16
642,初中跳远,2025-04-01 08:00:00,2025-04-05 18:00:00,0,,,,,1,3,642,田径场,3,2,1,"",4,1,6,1,0,16
643,初中跳远,2025-04-01 08:00:00,2025-04-05 18:00:00,0,,,,,1,3,643,田径场,3,2,1,"",4,1,6,1,1,16
644,县直小学跳远,2025-04-01 08:00:00,2025-04-05 18:00:00,0,,,,,1,3,644,田径场,3,2,1,"",4,1,6,1,0,20
645,县直小学跳远,2025-04-01 08:00:00,2025-04-05 18:00:00,0,,,,,1,3,645,田径场,3,2,1,"",4,1,6,1,1,20
646,农村小学跳远,2025-04-01 08:00:00,2025-04-05 18:00:00,0,,,,,1,3,646,田径场,3,2,1,"",4,1,6,1,0,16
647,农村小学跳远,2025-04-01 08:00:00,2025-04-05 18:00:00,0,,,,,1,3,647,田径场,3,2,1,"",4,1,6,1,1,16
648,高中铅球,2025-04-01 08:00:00,2025-04-05 18:00:00,0,,,,,1,3,648,铅球坑,3,2,3,"",4,1,6,1,0,20
649,高中铅球,2025-04-01 08:00:00,2025-04-05 18:00:00,0,,,,,1,3,649,铅球坑,3,2,3,"",4,1,6,1,1,20
650,初中铅球,2025-04-01 08:00:00,2025-04-05 18:00:00,0,,,,,1,3,650,铅球坑,3,2,3,"",4,1,6,1,0,16
651,初中铅球,2025-04-01 08:00:00,2025-04-05 18:00:00,0,,,,,1,3,651,铅球坑,3,2,3,"",4,1,6,1,1,16
652,农村小学铅球,2025-04-01 08:00:00,2025-04-05 18:00:00,0,,,,,1,3,652,铅球坑,3,2,3,"",4,1,6,1,0,16
653,农村小学铅球,2025-04-01 08:00:00,2025-04-05 18:00:00,0,,,,,1,3,653,铅球坑,3,2,3,"",4,1,6,1,1,16
654,初中4*100接力,2025-04-04 17:56:15,2025-04-05 18:00:00,0,,,,,1,3,654,跑道,3,1,2,4*100,,2,,,0,
655,县直200米,2025-04-04 18:15:53,2025-04-04 22:35:41,12,2025-04-02 08:42:00,2025-04-02 08:51:00,,,2,1,655,田径场,21,1,1,200,6,5,7,1,,118
656,县直200米,2025-04-04 18:15:53,2025-04-04 22:35:41,11,2025-04-02 08:51:42,2025-04-02 09:00:42,,,2,1,656,田径场,21,1,1,200,6,5,7,1,,82
657,县直200米,2025-04-04 18:15:53,2025-04-04 22:35:41,8,2025-04-02 12:40:00,2025-04-02 12:46:00,,,2,3,655,田径场,21,1,1,200,,3,,,,118
658,县直200米,2025-04-04 18:15:53,2025-04-04 22:35:41,7,2025-04-02 12:46:00,2025-04-02 13:10:00,,,2,3,656,田径场,21,1,1,200,,4,,,1,118
659,高中200米,2025-04-04 18:15:53,2025-04-04 22:35:41,6,2025-04-02 09:00:42,2025-04-02 09:09:42,,,2,1,659,田径场,21,1,1,200,4,5,6,1,,82
660,高中200米,2025-04-04 18:15:53,2025-04-04 22:35:41,6,2025-04-02 13:10:00,2025-04-02 13:31:00,,,2,3,659,田径场,21,1,1,200,,4,,,1,118
661,高中200米,2025-04-04 18:15:53,2025-04-04 22:35:41,4,2025-04-02 09:09:42,2025-04-02 09:15:42,,,2,1,661,田径场,21,1,1,200,4,5,6,1,,82
662,高中200米,2025-04-04 18:15:53,2025-04-04 22:35:41,4,2025-04-02 13:31:00,2025-04-02 13:52:00,,,2,3,661,田径场,21,1,1,200,,3,,,0,118
663,初中200米,2025-04-04 18:15:53,2025-04-04 22:35:41,8,2025-04-02 09:15:42,2025-04-02 09:24:42,,,2,1,663,田径场,21,1,1,200,4,5,16,1,,82
664,初中200米,2025-04-04 18:15:53,2025-04-04 22:35:41,6,2025-04-02 09:24:42,2025-04-02 09:33:42,,,2,1,664,田径场,21,1,1,200,4,5,16,1,,82
665,初中200米,2025-04-04 18:15:53,2025-04-04 22:35:41,8,2025-04-02 13:52:00,2025-04-02 14:43:00,,,2,3,663,田径场,21,1,1,200,,3,,,1,
666,初中200米,2025-04-04 18:15:53,2025-04-04 22:35:41,6,2025-04-02 14:43:00,2025-04-02 15:34:00,,,2,3,664,田径场,21,1,1,200,,3,,,0,
667,农小200米,2025-04-04 18:15:53,2025-04-04 22:35:41,1,2025-04-02 09:33:42,2025-04-02 09:36:42,,,2,1,667,田径场,21,1,1,200,4,5,16,1,,118
668,农小200米,2025-04-04 18:15:53,2025-04-04 22:35:41,5,2025-04-02 09:36:42,2025-04-02 09:42:42,,,2,1,668,田径场,21,1,1,200,4,5,16,1,,82
669,农小200米,2025-04-04 18:15:53,2025-04-04 22:35:41,1,2025-04-02 15:34:00,2025-04-02 16:25:00,,,2,3,667,田径场,21,1,1,200,,3,,,1,
670,农小200米,2025-04-04 18:15:53,2025-04-04 22:35:41,5,2025-04-03 08:30:00,2025-04-03 09:21:00,,,2,3,668,田径场,21,1,1,200,,3,,,0,
671,高中跳远,2025-04-04 18:15:53,2025-04-04 22:35:41,4,2025-04-02 08:42:42,2025-04-02 08:56:42,,,1,3,671,田径场,21,2,1,"",4,3,6,1,0,83
672,高中三级跳远,2025-04-04 18:15:53,2025-04-04 22:35:41,4,2025-04-02 08:42:42,2025-04-02 08:56:42,,,1,3,672,田径场,21,2,2,"",4,3,6,1,1,83
673,县直小学铅球,2025-04-04 18:15:53,2025-04-04 22:35:41,5,2025-04-02 08:42:42,2025-04-02 08:57:42,,,1,3,673,田径场,21,2,4,"",4,3,6,1,0,83
674,县直小学铅球,2025-04-04 18:15:53,2025-04-04 22:35:41,7,2025-04-02 08:42:42,2025-04-02 08:59:42,,,1,3,674,铅球坑,21,2,3,"",4,3,6,1,1,83
675,高中4×100米,2025-04-04 18:15:53,2025-04-04 22:35:41,5,2025-04-02 09:42:42,2025-04-02 10:05:42,,,1,3,675,田径场,21,1,2,4*100,,3,,,0,84
676,初中4×100米,2025-04-04 18:15:53,2025-04-04 22:35:41,2,2025-04-02 10:05:42,2025-04-02 10:12:42,,,2,1,676,田径场,21,1,2,4*100,4,3,4,1,1,
677,初中4×100米,2025-04-04 18:15:53,2025-04-04 22:35:41,4,2025-04-02 10:12:42,2025-04-02 10:19:42,,,2,1,677,田径场,21,1,2,4*100,4,3,4,1,0,
678,初中4×100米,2025-04-04 18:15:53,2025-04-04 22:35:41,2,2025-04-03 09:21:00,2025-04-03 09:32:00,,,2,3,676,田径场,21,1,2,4*100,,3,,,1,
679,初中4×100米,2025-04-04 18:15:53,2025-04-04 22:35:41,0,2025-04-03 09:32:00,2025-04-03 09:51:00,,,2,3,677,田径场,21,1,2,4*100,,3,,,0,
680,农小4×100米,2025-04-04 18:15:53,2025-04-04 22:35:41,1,2025-04-02 10:19:42,2025-04-02 10:22:42,,,2,1,680,铅球坑,21,1,2,4*100,4,3,4,1,0,85
681,农小4×100米,2025-04-04 18:15:53,2025-04-04 22:35:41,0,2025-04-03 09:51:00,2025-04-03 10:10:00,,,2,3,680,铅球坑,21,1,2,4*100,,3,,,1,85
682,县直小学4×100米,2025-04-04 18:15:53,2025-04-04 22:35:41,15,2025-04-02 10:22:42,2025-04-02 11:25:42,,,1,3,682,田径场,21,1,2,4*100,,3,,,0,86
683,高中100米,2025-04-04 18:15:53,2025-04-04 22:35:41,2,2025-04-02 11:25:42,2025-04-02 11:31:42,,,2,1,683,田径场,21,1,1,100,4,3,6,1,1,82
684,高中100米,2025-04-04 18:15:53,2025-04-04 22:35:41,3,2025-04-02 11:31:42,2025-04-02 11:37:42,,,2,1,684,田径场,21,1,1,100,4,3,6,1,0,82
685,高中100米,2025-04-04 18:15:53,2025-04-04 22:35:41,0,2025-04-03 10:10:00,2025-04-03 10:31:00,,,2,3,683,田径场,21,1,1,100,,3,,,1,82
686,高中100米,2025-04-04 18:15:53,2025-04-04 22:35:41,0,2025-04-03 10:31:00,2025-04-03 10:52:00,,,2,3,684,田径场,21,1,1,100,,3,,,0,82
687,初中100米,2025-04-04 18:15:53,2025-04-04 22:35:41,1,2025-04-02 11:37:42,2025-04-02 11:40:42,,,2,1,687,田径场,21,1,1,100,4,3,6,1,1,
688,初中100米,2025-04-04 18:15:53,2025-04-04 22:35:41,2,2025-04-02 11:40:42,2025-04-02 11:46:42,,,2,1,688,田径场,21,1,1,100,4,3,6,1,0,
689,初中100米,2025-04-04 18:15:53,2025-04-04 22:35:41,0,2025-04-03 10:52:00,2025-04-03 11:13:00,,,2,3,687,田径场,21,1,1,100,,3,,,1,
690,初中100米,2025-04-04 18:15:53,2025-04-04 22:35:41,0,2025-04-03 11:13:00,2025-04-03 11:34:00,,,2,3,688,田径场,21,1,1,100,,3,,,0,
691,县直100米,2025-04-04 18:15:53,2025-04-04 22:35:41,6,2025-04-02 11:46:42,2025-04-02 11:55:42,,,2,1,691,田径场,21,1,1,100,4,3,6,1,1,82
692,县直100米,2025-04-04 18:15:53,2025-04-04 22:35:41,0,2025-04-03 11:34:00,2025-04-03 11:55:00,,,2,3,691,田径场,21,1,1,100,,3,,,1,82
693,县直100米,2025-04-04 18:15:53,2025-04-04 22:35:41,7,2025-04-02 11:55:42,2025-04-02 12:04:42,,,2,1,693,田径场,21,1,1,100,4,3,6,1,0,82
694,县直100米,2025-04-04 18:15:53,2025-04-04 22:35:41,0,2025-04-03 11:55:00,2025-04-03 12:16:00,,,2,3,693,田径场,21,1,1,100,,3,,,0,82
695,农小100米,2025-04-04 18:15:53,2025-04-04 22:35:41,4,2025-04-02 12:04:42,2025-04-02 12:10:42,,,2,1,695,田径场,21,1,1,100,4,3,6,1,1,85
696,农小100米,2025-04-04 18:15:53,2025-04-04 22:35:41,1,2025-04-02 12:10:42,2025-04-02 12:13:42,,,2,1,696,田径场,21,1,1,100,4,3,6,1,0,85
697,农小100米,2025-04-04 18:15:53,2025-04-04 22:35:41,0,2025-04-03 12:16:00,2025-04-03 12:37:00,,,2,3,695,田径场,21,1,1,100,,3,,,1,85
698,农小100米,2025-04-04 18:15:53,2025-04-04 22:35:41,0,2025-04-03 12:37:00,2025-04-03 12:58:00,,,2,3,696,田径场,21,1,1,100,,3,,,0,85
699,高中800米,2025-04-04 18:15:53,2025-04-04 22:35:41,2,2025-04-02 12:13:42,2025-04-02 12:21:42,,,2,1,699,田径场,21,1,1,800,4,3,6,1,1,87
700,高中800米,2025-04-04 18:15:53,2025-04-04 22:35:41,0,2025-04-03 12:00:00,2025-04-03 12:33:00,,,2,3,699,田径场,21,1,1,800,,3,,,0,87
701,农村小学4*100接力跑,2025-04-04 18:15:53,2025-04-04 22:35:41,10,2025-04-02 12:21:42,2025-04-02 13:04:42,,,1,3,701,跑道,21,1,2,4*100,,3,,,1,88
702,农村小学800米,2025-04-04 18:15:53,2025-04-04 22:35:41,9,2025-04-02 13:04:42,2025-04-02 13:12:42,,,1,3,702,跑道,21,1,1,800,12,3,,,0,87
703,农村小学800米,2025-04-04 18:15:53,2025-04-04 22:35:41,1,2025-04-02 13:12:42,2025-04-02 13:15:42,,,1,3,703,跑道,21,1,1,800,12,3,,,1,
704,县直小学800米,2025-04-04 18:15:53,2025-04-04 22:35:41,8,2025-04-02 13:15:42,2025-04-02 13:23:42,,,1,3,704,跑道,21,1,1,800,12,3,,,0,
705,县直小学800米,2025-04-04 18:15:53,2025-04-04 22:35:41,6,2025-04-02 12:00:00,2025-04-02 12:08:00,,,1,3,705,跑道,21,1,1,800,12,3,,,1,87
706,初中1500米,2025-04-04 18:15:53,2025-04-04 22:35:41,1,2025-04-02 12:08:00,2025-04-02 12:18:00,,,1,3,706,跑道,21,1,1,1500,,3,,,0,89
707,初中1500米,2025-04-04 18:15:53,2025-04-04 22:35:41,0,,2025-04-02 13:19:42,,,1,3,707,跑道,21,1,1,1500,15,1,,,1,87
708,高中1500米,2025-04-04 18:15:53,2025-04-04 22:35:41,1,2025-04-02 12:18:00,2025-04-02 12:21:00,,,1,3,708,跑道,21,1,1,1500,15,3,,,0,87
709,高中1500米,2025-04-04 18:15:53,2025-04-04 22:35:41,2,2025-04-02 12:21:00,2025-04-02 12:24:00,,,1,3,709,跑道,21,1,1,1500,15,3,,,1,87
710,县直小学1500米,2025-04-04 18:15:53,2025-04-04 22:35:41,3,2025-04-02 12:24:00,2025-04-02 12:27:00,,,1,3,710,跑道,21,1,1,1500,15,3,,,0,87
711,县直小学1500米,2025-04-04 18:15:53,2025-04-04 22:35:41,8,2025-04-02 12:27:00,2025-04-02 12:37:00,,,1,3,711,跑道,21,1,1,1500,15,3,,,1,87
712,农村小学1500米,2025-04-04 18:15:53,2025-04-04 22:35:41,1,2025-04-02 12:37:00,2025-04-02 12:40:00,,,1,3,712,跑道,21,1,1,1500,15,3,,,0,89
713,农村小学1500米,2025-04-04 18:15:53,2025-04-04 22:35:41,0,,2025-04-02 12:16:00,,,1,3,713,跑道,21,1,1,1500,15,1,,,1,89
714,高中跳远,2025-04-04 18:15:53,2025-04-04 22:35:41,4,2025-04-02 08:56:42,2025-04-02 09:10:42,,,1,3,714,田径场,21,2,1,"",4,3,8,1,0,83
715,高中三级跳远,2025-04-04 18:15:53,2025-04-04 22:35:41,4,2025-04-02 08:56:42,2025-04-02 09:10:42,,,1,3,715,田径场,21,2,2,"",,3,,,0,83
716,县直小学跳高,2025-04-04 18:15:53,2025-04-04 22:35:41,7,2025-04-02 08:57:42,2025-04-02 09:14:42,,,1,3,716,田径场,21,2,4,"",,3,,,1,83
717,县直小学跳高,2025-04-04 18:15:53,2025-04-04 22:35:41,7,2025-04-02 09:14:42,2025-04-02 09:31:42,,,1,3,717,田径场,21,2,4,"",,3,,,0,83
718,农村小学跳高,2025-04-04 18:15:53,2025-04-04 22:35:41,4,2025-04-02 09:31:42,2025-04-02 09:45:42,,,1,3,718,田径场,21,2,4,"",,3,,,0,90
719,农村小学跳高,2025-04-04 18:15:53,2025-04-04 22:35:41,0,,2025-04-02 09:51:42,,,1,3,719,田径场,21,2,4,"",,2,,,1,90
720,初中小学跳高,2025-04-04 18:15:53,2025-04-04 22:35:41,4,2025-04-02 09:45:42,2025-04-02 09:59:42,,,1,3,720,田径场,21,2,4,"",,3,,,0,90
721,初中小学跳高,2025-04-04 18:15:53,2025-04-04 22:35:41,3,2025-04-02 09:59:42,2025-04-02 10:12:42,,,1,3,721,田径场,21,2,4,"",,3,,,1,90
722,高中小学跳高,2025-04-04 18:15:53,2025-04-04 22:35:41,0,,2025-04-02 10:21:42,,,1,3,722,田径场,21,2,4,"",,2,,,0,83
723,高中小学跳高,2025-04-04 18:15:53,2025-04-04 22:35:41,0,,2025-04-02 10:31:42,,,1,3,723,田径场,21,2,4,"",,2,,,1,83
724,初中三级跳远,2025-04-04 18:15:53,2025-04-04 22:35:41,4,2025-04-02 09:10:42,2025-04-02 09:24:42,,,1,3,724,田径场,21,2,2,"",,3,,,0,90
725,初中三级跳远,2025-04-04 18:15:53,2025-04-04 22:35:41,4,2025-04-02 09:24:42,2025-04-02 09:38:42,,,1,3,725,田径场,21,2,2,"",,3,,,1,90
726,县直小学三级跳远,2025-04-04 18:15:53,2025-04-04 22:35:41,8,2025-04-02 09:38:42,2025-04-02 09:56:42,,,1,3,726,田径场,21,2,2,"",,3,,,0,83
727,县直小学三级跳远,2025-04-04 18:15:53,2025-04-04 22:35:41,7,2025-04-02 09:56:42,2025-04-02 10:13:42,,,1,3,727,田径场,21,2,2,"",,3,,,1,83
728,农村小学三级跳远,2025-04-04 18:15:53,2025-04-04 22:35:41,4,2025-04-02 10:13:42,2025-04-02 10:27:42,,,1,3,728,田径场,21,2,2,"",,3,,,0,90
729,农村小学三级跳远,2025-04-04 18:15:53,2025-04-04 22:35:41,0,,2025-04-02 10:23:42,,,1,3,729,田径场,21,2,2,"",,2,,,1,90
730,初中跳远,2025-04-04 18:15:53,2025-04-04 22:35:41,4,2025-04-02 09:10:42,2025-04-02 09:24:42,,,1,3,730,田径场,21,2,1,"",4,3,6,1,0,90
731,初中跳远,2025-04-04 18:15:53,2025-04-04 22:35:41,4,2025-04-02 09:24:42,2025-04-02 09:38:42,,,1,3,731,田径场,21,2,1,"",4,3,6,1,1,90
732,县直小学跳远,2025-04-04 18:15:53,2025-04-04 22:35:41,7,2025-04-02 09:38:42,2025-04-02 09:55:42,,,1,3,732,田径场,21,2,1,"",4,3,6,1,0,83
733,县直小学跳远,2025-04-04 18:15:53,2025-04-04 22:35:41,4,2025-04-02 09:55:42,2025-04-02 10:09:42,,,1,3,733,田径场,21,2,1,"",4,3,6,1,1,83
734,农村小学跳远,2025-04-04 18:15:53,2025-04-04 22:35:41,6,2025-04-02 10:09:42,2025-04-02 10:25:42,,,1,3,734,田径场,21,2,1,"",4,3,6,1,0,90
735,农村小学跳远,2025-04-04 18:15:53,2025-04-04 22:35:41,0,,2025-04-02 10:14:42,,,1,3,735,田径场,21,2,1,"",4,1,6,1,1,90
736,高中铅球,2025-04-04 18:15:53,2025-04-04 22:35:41,5,2025-04-02 08:59:42,2025-04-02 09:14:42,,,1,3,736,铅球坑,21,2,3,"",4,3,6,1,0,83
737,高中铅球,2025-04-04 18:15:53,2025-04-04 22:35:41,6,2025-04-02 09:14:42,2025-04-02 09:30:42,,,1,3,737,铅球坑,21,2,3,"",4,3,6,1,1,83
738,初中铅球,2025-04-04 18:15:53,2025-04-04 22:35:41,4,2025-04-02 09:30:42,2025-04-02 09:44:42,,,1,3,738,铅球坑,21,2,3,"",4,3,6,1,0,90
739,初中铅球,2025-04-04 18:15:53,2025-04-04 22:35:41,5,2025-04-02 09:44:42,2025-04-02 09:59:42,,,1,3,739,铅球坑,21,2,3,"",4,3,6,1,1,90
740,农村小学铅球,2025-04-04 18:15:53,2025-04-04 22:35:41,5,2025-04-02 09:59:42,2025-04-02 10:14:42,,,1,3,740,铅球坑,21,2,3,"",4,3,6,1,0,90
741,农村小学铅球,2025-04-04 18:15:53,2025-04-04 22:35:41,1,2025-04-02 10:14:42,2025-04-02 10:25:42,,,1,3,741,铅球坑,21,2,3,"",4,3,6,1,1,90
742,初中4*100接力,2025-04-04 18:15:53,2025-04-04 22:35:41,0,,2025-04-02 12:19:00,,,1,3,742,跑道,21,1,2,4*100,,2,,,0,
947,100米,2025-04-05 08:00:00,2025-04-05 18:00:00,0,,,,,3,1,947,跑道,15,1,1,100,8,1,16,1,1,62
948,100米,,,0,2025-04-05 00:00:00,2025-04-05 00:09:00,,,3,2,947,跑道,15,1,1,100,8,1,8,1,1,62
949,100米,,,0,2025-04-05 01:18:00,2025-04-05 01:45:00,,,3,3,947,跑道,15,1,1,100,,1,,,1,62
950,200米,2025-04-04 08:00:00,2025-04-05 18:00:00,0,,,,,3,1,950,跑道,15,1,1,200,8,1,16,1,1,62
951,200米,2025-04-04 08:00:00,2025-04-05 18:00:00,0,,,,,3,1,951,跑道,15,1,1,200,8,1,16,1,0,62
952,200米,,,0,2025-04-05 00:09:00,2025-04-05 00:18:00,,,3,2,950,跑道,15,1,1,200,8,1,8,1,1,62
953,200米,,,0,2025-04-05 01:45:00,2025-04-05 02:12:00,,,3,3,950,跑道,15,1,1,200,,1,,,1,62
954,200米,,,0,2025-04-05 00:18:00,2025-04-05 00:27:00,,,3,2,951,跑道,15,1,1,200,8,1,8,1,0,62
955,200米,,,0,2025-04-05 02:12:00,2025-04-05 02:39:00,,,3,3,951,跑道,15,1,1,200,,1,,,0,62
956,100米,2025-04-04 08:00:00,2025-04-05 18:00:00,0,,,,,3,1,956,跑道,15,1,1,100,8,1,16,1,0,62
957,100米,,,0,2025-04-05 00:27:00,2025-04-05 00:36:00,,,3,2,956,跑道,15,1,1,100,8,1,8,1,0,62
958,100米,,,0,2025-04-05 02:39:00,2025-04-05 03:06:00,,,3,3,956,跑道,15,1,1,100,,1,,,0,62
959,1500米,2025-04-04 08:00:00,2025-04-05 18:00:00,0,,,,,1,3,959,跑道,15,1,1,100,,2,,,0,61
989,800米,2025-04-06 07:08:29,2025-04-23 00:00:00,0,,,,,1,3,989,大操场,24,1,1,800,,2,,,1,115
990,800米,2025-04-06 07:08:29,2025-04-23 00:00:00,0,,,,,1,3,990,大操场,24,1,1,800,,2,,,0,115
991,400米,2025-04-06 07:08:29,2025-04-23 00:00:00,0,,,,,2,1,991,大操场,24,1,1,100,4,1,6,1,0,115
992,400米,2025-04-06 07:08:29,2025-04-23 00:00:00,0,,,,,2,1,992,大操场,24,1,1,100,4,1,6,1,1,115
993,400米,2025-04-06 07:08:29,2025-04-23 00:00:00,0,2025-04-25 09:06:00,2025-04-25 09:27:00,,,2,3,991,大操场,24,1,1,100,,3,,,0,115
994,400米,2025-04-06 07:08:29,2025-04-23 00:00:00,0,2025-04-25 09:27:00,2025-04-25 09:48:00,,,2,3,992,大操场,24,1,1,100,,3,,,1,115
995,4×100米接力,2025-04-06 07:08:29,2025-04-23 00:00:00,0,,,,,1,3,995,大操场,24,1,2,4*100,,2,,,,115
996,4×400米接力,2025-04-06 07:08:29,2025-04-23 00:00:00,0,,,,,1,3,996,大操场,24,1,2,4*400,,2,,,,115
997,1500米,2025-04-06 07:08:29,2025-04-23 00:00:00,0,,,,,1,3,997,大操场,24,1,1,1500,,2,,,1,115
998,跳远,2025-04-06 07:08:29,2025-04-23 00:00:00,0,,,,,1,3,998,小操场,24,2,1,"",,2,,,0,116
999,跳远,2025-04-06 07:08:29,2025-04-23 00:00:00,0,,,,,1,3,999,小操场,24,2,1,"",,2,,,1,116
1000,跳高,2025-04-06 07:08:29,2025-04-23 00:00:00,0,,,,,1,3,1000,小操场,24,2,4,"",,2,,,1,116
1001,跳高,2025-04-06 07:08:29,2025-04-23 00:00:00,0,,,,,1,3,1001,小操场,24,2,4,"",,2,,,0,116
1002,三级跳远,2025-04-06 07:08:29,2025-04-23 00:00:00,0,,,,,1,3,1002,小操场,24,2,2,"",,2,,,1,116
1003,铅球,2025-04-06 07:08:29,2025-04-23 00:00:00,0,,,,,1,3,1003,小操场,24,2,3,"",,2,,,1,116
1004,铅球,2025-04-06 07:08:29,2025-04-23 00:00:00,0,,,,,1,3,1004,小操场,24,2,3,"",,2,,,0,116
1005,100米,2025-04-06 07:08:29,2025-04-23 00:00:00,0,,,,,3,1,1005,跑道,24,1,1,100,8,1,16,1,1,117
1006,100米,2025-04-06 07:08:29,2025-04-23 00:00:00,0,2025-04-25 08:30:00,2025-04-25 08:39:00,,,3,2,1005,跑道,24,1,1,100,8,1,8,1,1,117
1007,100米,2025-04-06 07:08:29,2025-04-23 00:00:00,0,2025-04-25 09:48:00,2025-04-25 10:15:00,,,3,3,1005,跑道,24,1,1,100,,3,,,1,117
1008,200米,2025-04-06 07:08:29,2025-04-23 00:00:00,0,,,,,3,1,1008,跑道,24,1,1,200,8,1,16,1,1,117
1009,200米,2025-04-06 07:08:29,2025-04-23 00:00:00,0,,,,,3,1,1009,跑道,24,1,1,200,8,1,16,1,0,117
1010,200米,2025-04-06 07:08:29,2025-04-23 00:00:00,0,2025-04-25 08:39:00,2025-04-25 08:48:00,,,3,2,1008,跑道,24,1,1,200,8,1,8,1,1,117
1011,200米,2025-04-06 07:08:29,2025-04-23 00:00:00,0,2025-04-25 10:15:00,2025-04-25 10:42:00,,,3,3,1008,跑道,24,1,1,200,,3,,,1,117
1012,200米,2025-04-06 07:08:29,2025-04-23 00:00:00,0,2025-04-25 08:48:00,2025-04-25 08:57:00,,,3,2,1009,跑道,24,1,1,200,8,1,8,1,0,117
1013,200米,2025-04-06 07:08:29,2025-04-23 00:00:00,0,2025-04-25 10:42:00,2025-04-25 11:09:00,,,3,3,1009,跑道,24,1,1,200,,3,,,0,117
1014,100米,2025-04-06 07:08:29,2025-04-23 00:00:00,0,,,,,3,1,1014,跑道,24,1,1,100,8,1,16,1,0,117
1015,100米,2025-04-06 07:08:29,2025-04-23 00:00:00,0,2025-04-25 08:57:00,2025-04-25 09:06:00,,,3,2,1014,跑道,24,1,1,100,8,1,8,1,0,117
1016,100米,2025-04-06 07:08:29,2025-04-23 00:00:00,0,2025-04-25 12:00:00,2025-04-25 12:27:00,,,3,3,1014,跑道,24,1,1,100,,3,,,0,117
1017,1500米,2025-04-06 07:08:29,2025-04-23 00:00:00,0,,,,,1,3,1017,跑道,24,1,1,100,,2,,,0,115
1076,县直200米,2025-04-11 11:13:43,2025-04-11 11:16:29,0,,,,,2,1,1076,田径场,29,1,1,200,6,1,7,1,0,125
1077,县直200米,2025-04-11 11:13:43,2025-04-11 11:16:29,0,,,,,2,1,1077,田径场,29,1,1,200,6,1,7,1,1,125
1078,县直200米,2025-04-11 11:13:43,2025-04-11 11:16:29,0,2025-04-13 00:00:00,2025-04-13 00:24:00,,,2,3,1076,田径场,29,1,1,200,,3,,,0,125
1079,县直200米,2025-04-11 11:13:43,2025-04-11 11:16:29,0,2025-04-13 00:24:00,2025-04-13 00:48:00,,,2,3,1077,田径场,29,1,1,200,,3,,,1,125
1080,高中200米,2025-04-11 11:13:43,2025-04-11 11:16:29,0,,,,,2,1,1080,田径场,29,1,1,200,4,1,6,1,1,125
1081,高中200米,2025-04-11 11:13:43,2025-04-11 11:16:29,0,2025-04-13 00:48:00,2025-04-13 01:09:00,,,2,3,1080,田径场,29,1,1,200,,3,,,1,125
1082,高中200米,2025-04-11 11:13:43,2025-04-11 11:16:29,0,,,,,2,1,1082,田径场,29,1,1,200,4,1,6,1,0,125
1083,高中200米,2025-04-11 11:13:43,2025-04-11 11:16:29,0,2025-04-13 01:09:00,2025-04-13 01:30:00,,,2,3,1082,田径场,29,1,1,200,,3,,,0,125
1084,初中200米,2025-04-11 11:13:43,2025-04-11 11:16:29,0,,,,,2,1,1084,田径场,29,1,1,200,4,1,16,1,1,
1085,初中200米,2025-04-11 11:13:43,2025-04-11 11:16:29,0,,,,,2,1,1085,田径场,29,1,1,200,4,1,16,1,0,
1086,初中200米,2025-04-11 11:13:43,2025-04-11 11:16:29,0,2025-04-13 01:30:00,2025-04-13 02:21:00,,,2,3,1084,田径场,29,1,1,200,,3,,,1,
1087,初中200米,2025-04-11 11:13:43,2025-04-11 11:16:29,0,2025-04-13 02:21:00,2025-04-13 03:12:00,,,2,3,1085,田径场,29,1,1,200,,3,,,0,
1088,农小200米,2025-04-11 11:13:43,2025-04-11 11:16:29,0,,,,,2,1,1088,田径场,29,1,1,200,4,1,16,1,1,
1089,农小200米,2025-04-11 11:13:43,2025-04-11 11:16:29,0,,,,,2,1,1089,田径场,29,1,1,200,4,1,16,1,0,
1090,农小200米,2025-04-11 11:13:43,2025-04-11 11:16:29,0,2025-04-13 03:12:00,2025-04-13 04:03:00,,,2,3,1088,田径场,29,1,1,200,,3,,,1,
1091,农小200米,2025-04-11 11:13:43,2025-04-11 11:16:29,0,2025-04-13 04:03:00,2025-04-13 04:54:00,,,2,3,1089,田径场,29,1,1,200,,3,,,0,
1092,高中跳远,2025-04-11 11:13:43,2025-04-11 11:16:29,0,,,,,1,3,1092,田径场,29,2,1,"",4,1,6,1,0,126
1093,高中三级跳远,2025-04-11 11:13:43,2025-04-11 11:16:29,0,,,,,1,3,1093,田径场,29,2,2,"",4,1,6,1,1,126
1094,县直小学铅球,2025-04-11 11:13:43,2025-04-11 11:16:29,0,,,,,1,3,1094,田径场,29,2,4,"",4,1,6,1,0,126
1095,县直小学铅球,2025-04-11 11:13:43,2025-04-11 11:16:29,0,,,,,1,3,1095,铅球坑,29,2,3,"",4,1,6,1,1,126
1096,高中4×100米,2025-04-11 11:13:43,2025-04-11 11:16:29,0,,,,,1,3,1096,田径场,29,1,2,4*100,,2,,,,127
1097,初中4×100米,2025-04-11 11:13:43,2025-04-11 11:16:29,0,,,,,2,1,1097,田径场,29,1,2,4*100,4,1,4,1,1,
1098,初中4×100米,2025-04-11 11:13:43,2025-04-11 11:16:29,0,,,,,2,1,1098,田径场,29,1,2,4*100,4,1,4,1,0,
1099,初中4×100米,2025-04-11 11:13:43,2025-04-11 11:16:29,0,2025-04-13 04:54:00,2025-04-13 05:13:00,,,2,3,1097,田径场,29,1,2,4*100,,3,,,1,
1100,初中4×100米,2025-04-11 11:13:43,2025-04-11 11:16:29,0,2025-04-13 05:13:00,2025-04-13 05:32:00,,,2,3,1098,田径场,29,1,2,4*100,,3,,,0,
1101,农小4×100米,2025-04-11 11:13:43,2025-04-11 11:16:29,0,,,,,2,1,1101,铅球坑,29,1,2,4*100,4,1,4,1,1,128
1102,农小4×100米,2025-04-11 11:13:43,2025-04-11 11:16:29,0,2025-04-13 05:32:00,2025-04-13 05:51:00,,,2,3,1101,铅球坑,29,1,2,4*100,,3,,,1,128
1103,县直小学4×100米,2025-04-11 11:13:43,2025-04-11 11:16:29,0,,,,,1,3,1103,田径场,29,1,2,4*100,,2,,,,129
1104,高中100米,2025-04-11 11:13:43,2025-04-11 11:16:29,0,,,,,2,1,1104,田径场,29,1,1,100,4,1,6,1,1,125
1105,高中100米,2025-04-11 11:13:43,2025-04-11 11:16:29,0,,,,,2,1,1105,田径场,29,1,1,100,4,1,6,1,0,125
1106,高中100米,2025-04-11 11:13:43,2025-04-11 11:16:29,0,2025-04-13 05:51:00,2025-04-13 06:12:00,,,2,3,1104,田径场,29,1,1,100,,3,,,1,125
1107,高中100米,2025-04-11 11:13:43,2025-04-11 11:16:29,0,2025-04-13 06:12:00,2025-04-13 06:33:00,,,2,3,1105,田径场,29,1,1,100,,3,,,0,125
1108,初中100米,2025-04-11 11:13:43,2025-04-11 11:16:29,0,,,,,2,1,1108,田径场,29,1,1,100,4,1,6,1,1,
1109,初中100米,2025-04-11 11:13:43,2025-04-11 11:16:29,0,,,,,2,1,1109,田径场,29,1,1,100,4,1,6,1,0,
1110,初中100米,2025-04-11 11:13:43,2025-04-11 11:16:29,0,2025-04-13 06:33:00,2025-04-13 06:54:00,,,2,3,1108,田径场,29,1,1,100,,3,,,1,
1111,初中100米,2025-04-11 11:13:43,2025-04-11 11:16:29,0,2025-04-13 06:54:00,2025-04-13 07:15:00,,,2,3,1109,田径场,29,1,1,100,,3,,,0,
1112,县直100米,2025-04-11 11:13:43,2025-04-11 11:16:29,0,,,,,2,1,1112,田径场,29,1,1,100,4,1,6,1,1,125
1113,县直100米,2025-04-11 11:13:43,2025-04-11 11:16:29,0,2025-04-13 07:15:00,2025-04-13 07:36:00,,,2,3,1112,田径场,29,1,1,100,,3,,,1,125
1114,县直100米,2025-04-11 11:13:43,2025-04-11 11:16:29,0,,,,,2,1,1114,田径场,29,1,1,100,4,1,6,1,0,125
1115,县直100米,2025-04-11 11:13:43,2025-04-11 11:16:29,0,2025-04-13 07:36:00,2025-04-13 07:57:00,,,2,3,1114,田径场,29,1,1,100,,3,,,0,125
1116,农小100米,2025-04-11 11:13:43,2025-04-11 11:16:29,0,,,,,2,1,1116,田径场,29,1,1,100,4,1,6,1,0,128
1117,农小100米,2025-04-11 11:13:43,2025-04-11 11:16:29,0,,,,,2,1,1117,田径场,29,1,1,100,4,1,6,1,1,128
1118,农小100米,2025-04-11 11:13:43,2025-04-11 11:16:29,0,2025-04-13 07:57:00,2025-04-13 08:18:00,,,2,3,1117,田径场,29,1,1,100,,3,,,1,128
1119,农小100米,2025-04-11 11:13:43,2025-04-11 11:16:29,0,2025-04-13 08:18:00,2025-04-13 08:39:00,,,2,3,1116,田径场,29,1,1,100,,3,,,0,128
1120,高中800米,2025-04-11 11:13:43,2025-04-11 11:16:29,0,,,,,2,1,1120,田径场,29,1,1,800,4,1,6,1,0,130
1121,高中800米,2025-04-11 11:13:43,2025-04-11 11:16:29,0,2025-04-13 08:39:00,2025-04-13 09:12:00,,,2,3,1120,田径场,29,1,1,800,,3,,,0,130
1122,农村小学4*100接力跑,2025-04-11 11:13:43,2025-04-11 11:16:29,0,,,,,1,3,1122,跑道,29,1,2,4*100,,2,,,,131
1123,农村小学800米,2025-04-11 11:13:43,2025-04-11 11:16:29,0,,,,,1,3,1123,跑道,29,1,1,800,12,1,,,0,130
1124,农村小学800米,2025-04-11 11:13:43,2025-04-11 11:16:29,0,,,,,1,3,1124,跑道,29,1,1,800,12,1,,,1,
1125,县直小学800米,2025-04-11 11:13:43,2025-04-11 11:16:29,0,,,,,1,3,1125,跑道,29,1,1,800,12,1,,,0,
1126,县直小学800米,2025-04-11 11:13:43,2025-04-11 11:16:29,0,,,,,1,3,1126,跑道,29,1,1,800,12,1,,,1,130
1127,初中1500米,2025-04-11 11:13:43,2025-04-11 11:16:29,0,,,,,1,3,1127,跑道,29,1,1,1500,,2,,,0,132
1128,初中1500米,2025-04-11 11:13:43,2025-04-11 11:16:29,0,,,,,1,3,1128,跑道,29,1,1,1500,15,1,,,1,130
1129,高中1500米,2025-04-11 11:13:43,2025-04-11 11:16:29,0,,,,,1,3,1129,跑道,29,1,1,1500,15,1,,,0,130
1130,高中1500米,2025-04-11 11:13:43,2025-04-11 11:16:29,0,,,,,1,3,1130,跑道,29,1,1,1500,15,1,,,1,130
1131,县直小学1500米,2025-04-11 11:13:43,2025-04-11 11:16:29,0,,,,,1,3,1131,跑道,29,1,1,1500,15,1,,,1,126
1132,县直小学1500米,2025-04-11 11:13:43,2025-04-11 11:16:29,0,,,,,1,3,1132,跑道,29,1,1,1500,15,1,,,1,130
1133,农村小学1500米,2025-04-11 11:13:43,2025-04-11 11:16:29,0,,,,,1,3,1133,跑道,29,1,1,1500,15,1,,,1,132
1134,农村小学1500米,2025-04-11 11:13:43,2025-04-11 11:16:29,0,,,,,1,3,1134,跑道,29,1,1,1500,15,1,,,1,132
1135,高中跳远,2025-04-11 11:13:43,2025-04-11 11:16:29,0,,,,,1,3,1135,田径场,29,2,1,"",4,1,8,1,1,126
1136,高中三级跳远,2025-04-11 11:13:43,2025-04-11 11:16:29,0,,,,,1,3,1136,田径场,29,2,2,"",,2,,,0,126
1137,县直小学跳高,2025-04-11 11:13:43,2025-04-11 11:16:29,0,,,,,1,3,1137,田径场,29,2,4,"",,2,,,1,126
1138,县直小学跳高,2025-04-11 11:13:43,2025-04-11 11:16:29,0,,,,,1,3,1138,田径场,29,2,4,"",,2,,,0,126
1139,农村小学跳高,2025-04-11 11:13:43,2025-04-11 11:16:29,0,,,,,1,3,1139,田径场,29,2,4,"",,2,,,0,133
1140,农村小学跳高,2025-04-11 11:13:43,2025-04-11 11:16:29,0,,,,,1,3,1140,田径场,29,2,4,"",,2,,,1,133
1141,初中小学跳高,2025-04-11 11:13:43,2025-04-11 11:16:29,0,,,,,1,3,1141,田径场,29,2,4,"",,2,,,0,133
1142,初中小学跳高,2025-04-11 11:13:43,2025-04-11 11:16:29,0,,,,,1,3,1142,田径场,29,2,4,"",,2,,,1,133
1143,高中跳高,2025-04-11 11:13:43,2025-04-11 11:16:29,0,,,,,1,3,1143,田径场,29,2,4,"",,2,,,0,126
1144,高中跳高,2025-04-11 11:13:43,2025-04-11 11:16:29,0,,,,,1,3,1144,田径场,29,2,4,"",,2,,,1,126
1145,初中三级跳远,2025-04-11 11:13:43,2025-04-11 11:16:29,0,,,,,1,3,1145,田径场,29,2,2,"",,2,,,0,133
1146,初中三级跳远,2025-04-11 11:13:43,2025-04-11 11:16:29,0,,,,,1,3,1146,田径场,29,2,2,"",,2,,,1,133
1147,县直小学三级跳远,2025-04-11 11:13:43,2025-04-11 11:16:29,0,,,,,1,3,1147,田径场,29,2,2,"",,2,,,0,126
1148,县直小学三级跳远,2025-04-11 11:13:43,2025-04-11 11:16:29,0,,,,,1,3,1148,田径场,29,2,2,"",,2,,,1,126
1149,农村小学三级跳远,2025-04-11 11:13:43,2025-04-11 11:16:29,0,,,,,1,3,1149,田径场,29,2,2,"",,2,,,0,133
1150,农村小学三级跳远,2025-04-11 11:13:43,2025-04-11 11:16:29,0,,,,,1,3,1150,田径场,29,2,2,"",,2,,,1,133
1151,初中跳远,2025-04-11 11:13:43,2025-04-11 11:16:29,0,,,,,1,3,1151,田径场,29,2,1,"",4,1,6,1,0,133
1152,初中跳远,2025-04-11 11:13:43,2025-04-11 11:16:29,0,,,,,1,3,1152,田径场,29,2,1,"",4,1,6,1,1,133
1153,县直小学跳远,2025-04-11 11:13:43,2025-04-11 11:16:29,0,,,,,1,3,1153,田径场,29,2,1,"",4,1,6,1,0,126
1154,县直小学跳远,2025-04-11 11:13:43,2025-04-11 11:16:29,0,,,,,1,3,1154,田径场,29,2,1,"",4,1,6,1,1,126
1155,农村小学跳远,2025-04-11 11:13:43,2025-04-11 11:16:29,0,,,,,1,3,1155,田径场,29,2,1,"",4,1,6,1,0,133
1156,农村小学跳远,2025-04-11 11:13:43,2025-04-11 11:16:29,0,,,,,1,3,1156,田径场,29,2,1,"",4,1,6,1,1,133
1157,高中铅球,2025-04-11 11:13:43,2025-04-11 11:16:29,0,,,,,1,3,1157,铅球坑,29,2,3,"",4,1,6,1,0,126
1158,高中铅球,2025-04-11 11:13:43,2025-04-11 11:16:29,0,,,,,1,3,1158,铅球坑,29,2,3,"",4,1,6,1,1,126
1159,初中铅球,2025-04-11 11:13:43,2025-04-11 11:16:29,0,,,,,1,3,1159,铅球坑,29,2,3,"",4,1,6,1,0,133
1160,初中铅球,2025-04-11 11:13:43,2025-04-11 11:16:29,0,,,,,1,3,1160,铅球坑,29,2,3,"",4,1,6,1,1,133
1161,农村小学铅球,2025-04-11 11:13:43,2025-04-11 11:16:29,0,,,,,1,3,1161,铅球坑,29,2,3,"",4,1,6,1,0,133
1162,农村小学铅球,2025-04-11 11:13:43,2025-04-11 11:16:29,0,,,,,1,3,1162,铅球坑,29,2,3,"",4,1,6,1,1,133
1163,初中4*100接力,2025-04-11 11:13:43,2025-04-11 11:16:29,0,,,,,1,3,1163,跑道,29,1,2,4*100,,2,,,0,
1572,县直200米,2025-07-04 18:57:30,2025-07-31 00:00:00,1,2025-07-11 08:05:00,2025-07-11 08:08:00,,,2,1,1572,田径场,40,1,1,200,6,3,7,1,0,176
1573,县直200米,2025-07-04 18:57:30,2025-07-31 00:00:00,0,,,,,2,1,1573,田径场,40,1,1,200,6,1,7,1,1,176
1574,县直200米,2025-07-04 18:57:30,2025-07-31 00:00:00,0,2025-07-11 08:08:00,2025-07-11 08:32:00,,,2,3,1572,田径场,40,1,1,200,,3,,,0,176
1575,县直200米,2025-07-04 18:57:30,2025-07-31 00:00:00,0,2025-07-11 08:32:00,2025-07-11 08:56:00,,,2,3,1573,田径场,40,1,1,200,,3,,,1,176
1576,高中200米,2025-07-04 18:57:30,2025-07-31 00:00:00,0,,,,,2,1,1576,田径场,40,1,1,200,4,1,6,1,1,176
1577,高中200米,2025-07-04 18:57:30,2025-07-31 00:00:00,0,2025-07-11 08:56:00,2025-07-11 09:17:00,,,2,3,1576,田径场,40,1,1,200,,3,,,1,176
1578,高中200米,2025-07-04 18:57:30,2025-07-31 00:00:00,0,,,,,2,1,1578,田径场,40,1,1,200,4,1,6,1,0,176
1579,高中200米,2025-07-04 18:57:30,2025-07-31 00:00:00,0,2025-07-11 09:17:00,2025-07-11 09:38:00,,,2,3,1578,田径场,40,1,1,200,,3,,,0,176
1580,初中200米,2025-07-04 18:57:30,2025-07-31 00:00:00,0,,,,,2,1,1580,田径场,40,1,1,200,4,1,16,1,1,
1581,初中200米,2025-07-04 18:57:30,2025-07-31 00:00:00,0,,,,,2,1,1581,田径场,40,1,1,200,4,1,16,1,0,
1582,初中200米,2025-07-04 18:57:30,2025-07-31 00:00:00,0,2025-07-11 09:38:00,2025-07-11 10:29:00,,,2,3,1580,田径场,40,1,1,200,,3,,,1,
1583,初中200米,2025-07-04 18:57:30,2025-07-31 00:00:00,0,2025-07-11 10:29:00,2025-07-11 11:20:00,,,2,3,1581,田径场,40,1,1,200,,3,,,0,
1584,农小200米,2025-07-04 18:57:30,2025-07-31 00:00:00,0,,,,,2,1,1584,田径场,40,1,1,200,4,1,16,1,1,
1585,农小200米,2025-07-04 18:57:30,2025-07-31 00:00:00,0,,,,,2,1,1585,田径场,40,1,1,200,4,1,16,1,0,
1586,农小200米,2025-07-04 18:57:30,2025-07-31 00:00:00,0,2025-07-11 18:30:00,2025-07-11 19:21:00,,,2,3,1584,田径场,40,1,1,200,,3,,,1,
1587,农小200米,2025-07-04 18:57:30,2025-07-31 00:00:00,0,2025-07-12 08:05:00,2025-07-12 08:56:00,,,2,3,1585,田径场,40,1,1,200,,3,,,0,
1588,高中跳远,2025-07-04 18:57:30,2025-07-31 00:00:00,0,,,,,1,3,1588,田径场,40,2,1,"",4,1,6,1,0,177
1589,高中三级跳远,2025-07-04 18:57:30,2025-07-31 00:00:00,0,,,,,1,3,1589,田径场,40,2,2,"",4,1,6,1,1,177
1590,县直小学铅球,2025-07-04 18:57:30,2025-07-31 00:00:00,0,,,,,1,3,1590,田径场,40,2,4,"",4,1,6,1,0,177
1591,县直小学铅球,2025-07-04 18:57:30,2025-07-31 00:00:00,0,,,,,1,3,1591,铅球坑,40,2,3,"",4,1,6,1,1,177
1592,高中4×100米,2025-07-04 18:57:30,2025-07-31 00:00:00,0,,,,,1,3,1592,田径场,40,1,2,4*100,,2,,,,178
1593,初中4×100米,2025-07-04 18:57:30,2025-07-31 00:00:00,0,,,,,2,1,1593,田径场,40,1,2,4*100,4,1,4,1,1,
1594,初中4×100米,2025-07-04 18:57:30,2025-07-31 00:00:00,0,,,,,2,1,1594,田径场,40,1,2,4*100,4,1,4,1,0,
1595,初中4×100米,2025-07-04 18:57:30,2025-07-31 00:00:00,0,2025-07-12 08:56:00,2025-07-12 09:15:00,,,2,3,1593,田径场,40,1,2,4*100,,3,,,1,
1596,初中4×100米,2025-07-04 18:57:30,2025-07-31 00:00:00,0,2025-07-12 09:15:00,2025-07-12 09:34:00,,,2,3,1594,田径场,40,1,2,4*100,,3,,,0,
1597,农小4×100米,2025-07-04 18:57:30,2025-07-31 00:00:00,0,,,,,2,1,1597,铅球坑,40,1,2,4*100,4,1,4,1,1,179
1598,农小4×100米,2025-07-04 18:57:30,2025-07-31 00:00:00,0,2025-07-12 09:34:00,2025-07-12 09:53:00,,,2,3,1597,铅球坑,40,1,2,4*100,,3,,,1,179
1599,县直小学4×100米,2025-07-04 18:57:30,2025-07-31 00:00:00,0,,,,,1,3,1599,田径场,40,1,2,4*100,,2,,,,180
1600,高中100米,2025-07-04 18:57:30,2025-07-31 00:00:00,0,,,,,2,1,1600,田径场,40,1,1,100,4,1,6,1,1,176
1601,高中100米,2025-07-04 18:57:30,2025-07-31 00:00:00,0,,,,,2,1,1601,田径场,40,1,1,100,4,1,6,1,0,176
1602,高中100米,2025-07-04 18:57:30,2025-07-31 00:00:00,0,2025-07-12 09:53:00,2025-07-12 10:14:00,,,2,3,1600,田径场,40,1,1,100,,3,,,1,176
1603,高中100米,2025-07-04 18:57:30,2025-07-31 00:00:00,0,2025-07-12 10:14:00,2025-07-12 10:35:00,,,2,3,1601,田径场,40,1,1,100,,3,,,0,176
1604,初中100米,2025-07-04 18:57:30,2025-07-31 00:00:00,0,,,,,2,1,1604,田径场,40,1,1,100,4,1,6,1,1,
1605,初中100米,2025-07-04 18:57:30,2025-07-31 00:00:00,0,,,,,2,1,1605,田径场,40,1,1,100,4,1,6,1,0,
1606,初中100米,2025-07-04 18:57:30,2025-07-31 00:00:00,0,2025-07-12 10:35:00,2025-07-12 10:56:00,,,2,3,1604,田径场,40,1,1,100,,3,,,1,
1607,初中100米,2025-07-04 18:57:30,2025-07-31 00:00:00,0,2025-07-12 10:56:00,2025-07-12 11:17:00,,,2,3,1605,田径场,40,1,1,100,,3,,,0,
1608,县直100米,2025-07-04 18:57:30,2025-07-31 00:00:00,0,,,,,2,1,1608,田径场,40,1,1,100,4,1,6,1,1,176
1609,县直100米,2025-07-04 18:57:30,2025-07-31 00:00:00,0,2025-07-12 11:17:00,2025-07-12 11:38:00,,,2,3,1608,田径场,40,1,1,100,,3,,,1,176
1610,县直100米,2025-07-04 18:57:30,2025-07-31 00:00:00,0,,,,,2,1,1610,田径场,40,1,1,100,4,1,6,1,0,176
1611,县直100米,2025-07-04 18:57:31,2025-07-31 00:00:00,0,2025-07-12 11:38:00,2025-07-12 11:59:00,,,2,3,1610,田径场,40,1,1,100,,3,,,0,176
1612,农小100米,2025-07-04 18:57:31,2025-07-31 00:00:00,0,,,,,2,1,1612,田径场,40,1,1,100,4,1,6,1,0,179
1613,农小100米,2025-07-04 18:57:31,2025-07-31 00:00:00,0,,,,,2,1,1613,田径场,40,1,1,100,4,1,6,1,1,179
1614,农小100米,2025-07-04 18:57:31,2025-07-31 00:00:00,0,2025-07-12 18:30:00,2025-07-12 18:51:00,,,2,3,1613,田径场,40,1,1,100,,3,,,1,179
1615,农小100米,2025-07-04 18:57:31,2025-07-31 00:00:00,0,2025-07-12 18:51:00,2025-07-12 19:12:00,,,2,3,1612,田径场,40,1,1,100,,3,,,0,179
1616,高中800米,2025-07-04 18:57:31,2025-07-31 00:00:00,0,,,,,2,1,1616,田径场,40,1,1,800,4,1,6,1,0,181
1617,高中800米,2025-07-04 18:57:31,2025-07-31 00:00:00,0,2025-07-12 19:12:00,2025-07-12 19:45:00,,,2,3,1616,田径场,40,1,1,800,,3,,,0,181
1618,农村小学4*100接力跑,2025-07-04 18:57:31,2025-07-31 00:00:00,0,,,,,1,3,1618,跑道,40,1,2,4*100,,2,,,,182
1619,农村小学800米,2025-07-04 18:57:31,2025-07-31 00:00:00,0,,,,,1,3,1619,跑道,40,1,1,800,12,1,,,0,181
1620,农村小学800米,2025-07-04 18:57:31,2025-07-31 00:00:00,0,,,,,1,3,1620,跑道,40,1,1,800,12,1,,,1,
1621,县直小学800米,2025-07-04 18:57:31,2025-07-31 00:00:00,0,,,,,1,3,1621,跑道,40,1,1,800,12,1,,,0,
1622,县直小学800米,2025-07-04 18:57:31,2025-07-31 00:00:00,0,,,,,1,3,1622,跑道,40,1,1,800,12,1,,,1,181
1623,初中1500米,2025-07-04 18:57:31,2025-07-31 00:00:00,0,,,,,1,3,1623,跑道,40,1,1,1500,,2,,,0,183
1624,初中1500米,2025-07-04 18:57:31,2025-07-31 00:00:00,0,,,,,1,3,1624,跑道,40,1,1,1500,15,1,,,1,181
1625,高中1500米,2025-07-04 18:57:31,2025-07-31 00:00:00,0,,,,,1,3,1625,跑道,40,1,1,1500,15,1,,,0,181
1626,高中1500米,2025-07-04 18:57:31,2025-07-31 00:00:00,0,,,,,1,3,1626,跑道,40,1,1,1500,15,1,,,1,181
1627,县直小学1500米,2025-07-04 18:57:31,2025-07-31 00:00:00,0,,,,,1,3,1627,跑道,40,1,1,1500,15,1,,,1,177
1628,县直小学1500米,2025-07-04 18:57:31,2025-07-31 00:00:00,0,,,,,1,3,1628,跑道,40,1,1,1500,15,1,,,1,181
1629,农村小学1500米,2025-07-04 18:57:31,2025-07-31 00:00:00,0,,,,,1,3,1629,跑道,40,1,1,1500,15,1,,,1,183
1630,农村小学1500米,2025-07-04 18:57:31,2025-07-31 00:00:00,0,,,,,1,3,1630,跑道,40,1,1,1500,15,1,,,1,183
1631,高中跳远,2025-07-04 18:57:31,2025-07-31 00:00:00,0,,,,,1,3,1631,田径场,40,2,1,"",4,1,8,1,1,177
1632,高中三级跳远,2025-07-04 18:57:31,2025-07-31 00:00:00,0,,,,,1,3,1632,田径场,40,2,2,"",,2,,,0,177
1633,县直小学跳高,2025-07-04 18:57:31,2025-07-31 00:00:00,0,,,,,1,3,1633,田径场,40,2,4,"",,2,,,1,177
1634,县直小学跳高,2025-07-04 18:57:31,2025-07-31 00:00:00,0,,,,,1,3,1634,田径场,40,2,4,"",,2,,,0,177
1635,农村小学跳高,2025-07-04 18:57:31,2025-07-31 00:00:00,0,,,,,1,3,1635,田径场,40,2,4,"",,2,,,0,184
1636,农村小学跳高,2025-07-04 18:57:31,2025-07-31 00:00:00,0,,,,,1,3,1636,田径场,40,2,4,"",,2,,,1,184
1637,初中小学跳高,2025-07-04 18:57:31,2025-07-31 00:00:00,0,,,,,1,3,1637,田径场,40,2,4,"",,2,,,0,184
1638,初中小学跳高,2025-07-04 18:57:31,2025-07-31 00:00:00,0,,,,,1,3,1638,田径场,40,2,4,"",,2,,,1,184
1639,高中跳高,2025-07-04 18:57:31,2025-07-31 00:00:00,0,,,,,1,3,1639,田径场,40,2,4,"",,2,,,0,177
1640,高中跳高,2025-07-04 18:57:31,2025-07-31 00:00:00,0,,,,,1,3,1640,田径场,40,2,4,"",,2,,,1,177
1641,初中三级跳远,2025-07-04 18:57:31,2025-07-31 00:00:00,0,,,,,1,3,1641,田径场,40,2,2,"",,2,,,0,184
1642,初中三级跳远,2025-07-04 18:57:31,2025-07-31 00:00:00,0,,,,,1,3,1642,田径场,40,2,2,"",,2,,,1,184
1643,县直小学三级跳远,2025-07-04 18:57:31,2025-07-31 00:00:00,0,,,,,1,3,1643,田径场,40,2,2,"",,2,,,0,177
1644,县直小学三级跳远,2025-07-04 18:57:31,2025-07-31 00:00:00,0,,,,,1,3,1644,田径场,40,2,2,"",,2,,,1,177
1645,农村小学三级跳远,2025-07-04 18:57:31,2025-07-31 00:00:00,0,,,,,1,3,1645,田径场,40,2,2,"",,2,,,0,184
1646,农村小学三级跳远,2025-07-04 18:57:31,2025-07-31 00:00:00,0,,,,,1,3,1646,田径场,40,2,2,"",,2,,,1,184
1647,初中跳远,2025-07-04 18:57:31,2025-07-31 00:00:00,0,,,,,1,3,1647,田径场,40,2,1,"",4,1,6,1,0,184
1648,初中跳远,2025-07-04 18:57:31,2025-07-31 00:00:00,0,,,,,1,3,1648,田径场,40,2,1,"",4,1,6,1,1,184
1649,县直小学跳远,2025-07-04 18:57:31,2025-07-31 00:00:00,0,,,,,1,3,1649,田径场,40,2,1,"",4,1,6,1,0,177
1650,县直小学跳远,2025-07-04 18:57:31,2025-07-31 00:00:00,0,,,,,1,3,1650,田径场,40,2,1,"",4,1,6,1,1,177
1651,农村小学跳远,2025-07-04 18:57:31,2025-07-31 00:00:00,0,,,,,1,3,1651,田径场,40,2,1,"",4,1,6,1,0,184
1652,农村小学跳远,2025-07-04 18:57:31,2025-07-31 00:00:00,0,,,,,1,3,1652,田径场,40,2,1,"",4,1,6,1,1,184
1653,高中铅球,2025-07-04 18:57:31,2025-07-31 00:00:00,0,,,,,1,3,1653,铅球坑,40,2,3,"",4,1,6,1,0,177
1654,高中铅球,2025-07-04 18:57:31,2025-07-31 00:00:00,0,,,,,1,3,1654,铅球坑,40,2,3,"",4,1,6,1,1,177
1655,初中铅球,2025-07-04 18:57:31,2025-07-31 00:00:00,0,,,,,1,3,1655,铅球坑,40,2,3,"",4,1,6,1,0,184
1656,初中铅球,2025-07-04 18:57:31,2025-07-31 00:00:00,0,,,,,1,3,1656,铅球坑,40,2,3,"",4,1,6,1,1,184
1657,农村小学铅球,2025-07-04 18:57:31,2025-07-31 00:00:00,0,,,,,1,3,1657,铅球坑,40,2,3,"",4,1,6,1,0,184
1658,农村小学铅球,2025-07-04 18:57:31,2025-07-31 00:00:00,0,,,,,1,3,1658,铅球坑,40,2,3,"",4,1,6,1,1,184
1659,初中4*100接力,2025-07-04 18:57:31,2025-07-31 00:00:00,0,,,,,1,3,1659,跑道,40,1,2,4*100,,2,,,0,
1660,县直200米,2025-07-04 20:09:28,2025-07-04 20:11:13,1,2025-07-09 09:15:00,2025-07-09 09:18:00,,,2,1,1660,田径场,41,1,1,200,6,3,7,1,0,185
1661,县直200米,2025-07-04 20:09:28,2025-07-04 20:11:13,0,,,,,2,1,1661,田径场,41,1,1,200,6,1,7,1,1,185
1662,县直200米,2025-07-04 20:09:28,2025-07-04 20:11:13,0,2025-07-09 09:18:00,2025-07-09 09:42:00,,,2,3,1660,田径场,41,1,1,200,,3,,,0,185
1663,县直200米,2025-07-04 20:09:28,2025-07-04 20:11:13,0,2025-07-09 09:42:00,2025-07-09 10:06:00,,,2,3,1661,田径场,41,1,1,200,,3,,,1,185
1664,高中200米,2025-07-04 20:09:28,2025-07-04 20:11:13,0,,,,,2,1,1664,田径场,41,1,1,200,4,1,6,1,1,185
1665,高中200米,2025-07-04 20:09:28,2025-07-04 20:11:13,0,2025-07-09 10:06:00,2025-07-09 10:27:00,,,2,3,1664,田径场,41,1,1,200,,3,,,1,185
1666,高中200米,2025-07-04 20:09:28,2025-07-04 20:11:13,0,,,,,2,1,1666,田径场,41,1,1,200,4,1,6,1,0,185
1667,高中200米,2025-07-04 20:09:28,2025-07-04 20:11:13,0,2025-07-09 10:27:00,2025-07-09 10:48:00,,,2,3,1666,田径场,41,1,1,200,,3,,,0,185
1668,初中200米,2025-07-04 20:09:28,2025-07-04 20:11:13,0,,,,,2,1,1668,田径场,41,1,1,200,4,1,16,1,1,
1669,初中200米,2025-07-04 20:09:28,2025-07-04 20:11:13,0,,,,,2,1,1669,田径场,41,1,1,200,4,1,16,1,0,
1670,初中200米,2025-07-04 20:09:28,2025-07-04 20:11:13,0,2025-07-09 14:15:00,2025-07-09 15:06:00,,,2,3,1668,田径场,41,1,1,200,,3,,,1,
1671,初中200米,2025-07-04 20:09:28,2025-07-04 20:11:13,0,2025-07-09 15:06:00,2025-07-09 15:57:00,,,2,3,1669,田径场,41,1,1,200,,3,,,0,
1672,农小200米,2025-07-04 20:09:28,2025-07-04 20:11:13,0,,,,,2,1,1672,田径场,41,1,1,200,4,1,16,1,1,
1673,农小200米,2025-07-04 20:09:28,2025-07-04 20:11:13,0,,,,,2,1,1673,田径场,41,1,1,200,4,1,16,1,0,
1674,农小200米,2025-07-04 20:09:28,2025-07-04 20:11:13,0,2025-07-09 15:57:00,2025-07-09 16:48:00,,,2,3,1672,田径场,41,1,1,200,,3,,,1,
1675,农小200米,2025-07-04 20:09:28,2025-07-04 20:11:13,0,2025-07-10 09:15:00,2025-07-10 10:06:00,,,2,3,1673,田径场,41,1,1,200,,3,,,0,
1676,高中跳远,2025-07-04 20:09:28,2025-07-04 20:11:13,0,,,,,1,3,1676,田径场,41,2,1,"",4,1,6,1,0,186
1677,高中三级跳远,2025-07-04 20:09:28,2025-07-04 20:11:13,0,,,,,1,3,1677,田径场,41,2,2,"",4,1,6,1,1,186
1678,县直小学铅球,2025-07-04 20:09:28,2025-07-04 20:11:13,0,,,,,1,3,1678,田径场,41,2,4,"",4,1,6,1,0,186
1679,县直小学铅球,2025-07-04 20:09:28,2025-07-04 20:11:13,0,,,,,1,3,1679,铅球坑,41,2,3,"",4,1,6,1,1,186
1680,高中4×100米,2025-07-04 20:09:28,2025-07-04 20:11:13,0,,,,,1,3,1680,田径场,41,1,2,4*100,,2,,,,187
1681,初中4×100米,2025-07-04 20:09:28,2025-07-04 20:11:13,0,,,,,2,1,1681,田径场,41,1,2,4*100,4,1,4,1,1,
1682,初中4×100米,2025-07-04 20:09:28,2025-07-04 20:11:13,0,,,,,2,1,1682,田径场,41,1,2,4*100,4,1,4,1,0,
1683,初中4×100米,2025-07-04 20:09:28,2025-07-04 20:11:13,0,2025-07-10 10:06:00,2025-07-10 10:25:00,,,2,3,1681,田径场,41,1,2,4*100,,3,,,1,
1684,初中4×100米,2025-07-04 20:09:28,2025-07-04 20:11:13,0,2025-07-10 10:25:00,2025-07-10 10:44:00,,,2,3,1682,田径场,41,1,2,4*100,,3,,,0,
1685,农小4×100米,2025-07-04 20:09:28,2025-07-04 20:11:13,0,,,,,2,1,1685,铅球坑,41,1,2,4*100,4,1,4,1,1,188
1686,农小4×100米,2025-07-04 20:09:28,2025-07-04 20:11:13,0,2025-07-10 10:44:00,2025-07-10 11:03:00,,,2,3,1685,铅球坑,41,1,2,4*100,,3,,,1,188
1687,县直小学4×100米,2025-07-04 20:09:28,2025-07-04 20:11:13,0,,,,,1,3,1687,田径场,41,1,2,4*100,,2,,,,189
1688,高中100米,2025-07-04 20:09:28,2025-07-04 20:11:13,0,,,,,2,1,1688,田径场,41,1,1,100,4,1,6,1,1,185
1689,高中100米,2025-07-04 20:09:28,2025-07-04 20:11:13,0,,,,,2,1,1689,田径场,41,1,1,100,4,1,6,1,0,185
1690,高中100米,2025-07-04 20:09:28,2025-07-04 20:11:13,0,2025-07-10 14:15:00,2025-07-10 14:36:00,,,2,3,1688,田径场,41,1,1,100,,3,,,1,185
1691,高中100米,2025-07-04 20:09:28,2025-07-04 20:11:13,0,2025-07-10 14:36:00,2025-07-10 14:57:00,,,2,3,1689,田径场,41,1,1,100,,3,,,0,185
1692,初中100米,2025-07-04 20:09:28,2025-07-04 20:11:13,0,,,,,2,1,1692,田径场,41,1,1,100,4,1,6,1,1,
1693,初中100米,2025-07-04 20:09:28,2025-07-04 20:11:13,0,,,,,2,1,1693,田径场,41,1,1,100,4,1,6,1,0,
1694,初中100米,2025-07-04 20:09:28,2025-07-04 20:11:13,0,2025-07-10 14:57:00,2025-07-10 15:18:00,,,2,3,1692,田径场,41,1,1,100,,3,,,1,
1695,初中100米,2025-07-04 20:09:28,2025-07-04 20:11:13,0,2025-07-10 15:18:00,2025-07-10 15:39:00,,,2,3,1693,田径场,41,1,1,100,,3,,,0,
1696,县直100米,2025-07-04 20:09:28,2025-07-04 20:11:13,0,,,,,2,1,1696,田径场,41,1,1,100,4,1,6,1,1,185
1697,县直100米,2025-07-04 20:09:28,2025-07-04 20:11:13,0,2025-07-10 15:39:00,2025-07-10 16:00:00,,,2,3,1696,田径场,41,1,1,100,,3,,,1,185
1698,县直100米,2025-07-04 20:09:28,2025-07-04 20:11:13,0,,,,,2,1,1698,田径场,41,1,1,100,4,1,6,1,0,185
1699,县直100米,2025-07-04 20:09:28,2025-07-04 20:11:13,0,2025-07-10 16:00:00,2025-07-10 16:21:00,,,2,3,1698,田径场,41,1,1,100,,3,,,0,185
1700,农小100米,2025-07-04 20:09:28,2025-07-04 20:11:13,0,,,,,2,1,1700,田径场,41,1,1,100,4,1,6,1,0,188
1701,农小100米,2025-07-04 20:09:28,2025-07-04 20:11:13,0,,,,,2,1,1701,田径场,41,1,1,100,4,1,6,1,1,188
1702,农小100米,2025-07-04 20:09:28,2025-07-04 20:11:13,0,2025-07-10 16:21:00,2025-07-10 16:42:00,,,2,3,1701,田径场,41,1,1,100,,3,,,1,188
1703,农小100米,2025-07-04 20:09:28,2025-07-04 20:11:13,0,2025-07-10 16:42:00,2025-07-10 17:03:00,,,2,3,1700,田径场,41,1,1,100,,3,,,0,188
1704,高中800米,2025-07-04 20:09:28,2025-07-04 20:11:13,0,,,,,2,1,1704,田径场,41,1,1,800,4,1,6,1,0,190
1705,高中800米,2025-07-04 20:09:28,2025-07-04 20:11:13,0,2025-07-10 17:03:00,2025-07-10 17:36:00,,,2,3,1704,田径场,41,1,1,800,,3,,,0,190
1706,农村小学4*100接力跑,2025-07-04 20:09:28,2025-07-04 20:11:13,0,,,,,1,3,1706,跑道,41,1,2,4*100,,2,,,,191
1707,农村小学800米,2025-07-04 20:09:28,2025-07-04 20:11:13,0,,,,,1,3,1707,跑道,41,1,1,800,12,1,,,0,190
1708,农村小学800米,2025-07-04 20:09:28,2025-07-04 20:11:13,0,,,,,1,3,1708,跑道,41,1,1,800,12,1,,,1,
1709,县直小学800米,2025-07-04 20:09:28,2025-07-04 20:11:13,0,,,,,1,3,1709,跑道,41,1,1,800,12,1,,,0,
1710,县直小学800米,2025-07-04 20:09:28,2025-07-04 20:11:13,0,,,,,1,3,1710,跑道,41,1,1,800,12,1,,,1,190
1711,初中1500米,2025-07-04 20:09:28,2025-07-04 20:11:13,0,,,,,1,3,1711,跑道,41,1,1,1500,,2,,,0,192
1712,初中1500米,2025-07-04 20:09:28,2025-07-04 20:11:13,0,,,,,1,3,1712,跑道,41,1,1,1500,15,1,,,1,190
1713,高中1500米,2025-07-04 20:09:28,2025-07-04 20:11:13,0,,,,,1,3,1713,跑道,41,1,1,1500,15,1,,,0,190
1714,高中1500米,2025-07-04 20:09:28,2025-07-04 20:11:13,0,,,,,1,3,1714,跑道,41,1,1,1500,15,1,,,1,190
1715,县直小学1500米,2025-07-04 20:09:28,2025-07-04 20:11:13,0,,,,,1,3,1715,跑道,41,1,1,1500,15,1,,,1,186
1716,县直小学1500米,2025-07-04 20:09:28,2025-07-04 20:11:13,0,,,,,1,3,1716,跑道,41,1,1,1500,15,1,,,1,190
1717,农村小学1500米,2025-07-04 20:09:28,2025-07-04 20:11:13,0,,,,,1,3,1717,跑道,41,1,1,1500,15,1,,,1,192
1718,农村小学1500米,2025-07-04 20:09:28,2025-07-04 20:11:13,0,,,,,1,3,1718,跑道,41,1,1,1500,15,1,,,1,192
1719,高中跳远,2025-07-04 20:09:28,2025-07-04 20:11:13,0,,,,,1,3,1719,田径场,41,2,1,"",4,1,8,1,1,186
1720,高中三级跳远,2025-07-04 20:09:28,2025-07-04 20:11:13,0,,,,,1,3,1720,田径场,41,2,2,"",,2,,,0,186
1721,县直小学跳高,2025-07-04 20:09:28,2025-07-04 20:11:13,0,,,,,1,3,1721,田径场,41,2,4,"",,2,,,1,186
1722,县直小学跳高,2025-07-04 20:09:28,2025-07-04 20:11:13,0,,,,,1,3,1722,田径场,41,2,4,"",,2,,,0,186
1723,农村小学跳高,2025-07-04 20:09:28,2025-07-04 20:11:13,0,,,,,1,3,1723,田径场,41,2,4,"",,2,,,0,193
1724,农村小学跳高,2025-07-04 20:09:28,2025-07-04 20:11:13,0,,,,,1,3,1724,田径场,41,2,4,"",,2,,,1,193
1725,初中小学跳高,2025-07-04 20:09:28,2025-07-04 20:11:13,0,,,,,1,3,1725,田径场,41,2,4,"",,2,,,0,193
1726,初中小学跳高,2025-07-04 20:09:29,2025-07-04 20:11:13,0,,,,,1,3,1726,田径场,41,2,4,"",,2,,,1,193
1727,高中跳高,2025-07-04 20:09:29,2025-07-04 20:11:13,0,,,,,1,3,1727,田径场,41,2,4,"",,2,,,0,186
1728,高中跳高,2025-07-04 20:09:29,2025-07-04 20:11:13,0,,,,,1,3,1728,田径场,41,2,4,"",,2,,,1,186
1729,初中三级跳远,2025-07-04 20:09:29,2025-07-04 20:11:13,0,,,,,1,3,1729,田径场,41,2,2,"",,2,,,0,193
1730,初中三级跳远,2025-07-04 20:09:29,2025-07-04 20:11:13,0,,,,,1,3,1730,田径场,41,2,2,"",,2,,,1,193
1731,县直小学三级跳远,2025-07-04 20:09:29,2025-07-04 20:11:13,0,,,,,1,3,1731,田径场,41,2,2,"",,2,,,0,186
1732,县直小学三级跳远,2025-07-04 20:09:29,2025-07-04 20:11:13,0,,,,,1,3,1732,田径场,41,2,2,"",,2,,,1,186
1733,农村小学三级跳远,2025-07-04 20:09:29,2025-07-04 20:11:13,0,,,,,1,3,1733,田径场,41,2,2,"",,2,,,0,193
1734,农村小学三级跳远,2025-07-04 20:09:29,2025-07-04 20:11:13,0,,,,,1,3,1734,田径场,41,2,2,"",,2,,,1,193
1735,初中跳远,2025-07-04 20:09:29,2025-07-04 20:11:13,0,,,,,1,3,1735,田径场,41,2,1,"",4,1,6,1,0,193
1736,初中跳远,2025-07-04 20:09:29,2025-07-04 20:11:13,0,,,,,1,3,1736,田径场,41,2,1,"",4,1,6,1,1,193
1737,县直小学跳远,2025-07-04 20:09:29,2025-07-04 20:11:13,0,,,,,1,3,1737,田径场,41,2,1,"",4,1,6,1,0,186
1738,县直小学跳远,2025-07-04 20:09:29,2025-07-04 20:11:13,0,,,,,1,3,1738,田径场,41,2,1,"",4,1,6,1,1,186
1739,农村小学跳远,2025-07-04 20:09:29,2025-07-04 20:11:13,0,,,,,1,3,1739,田径场,41,2,1,"",4,1,6,1,0,193
1740,农村小学跳远,2025-07-04 20:09:29,2025-07-04 20:11:13,0,,,,,1,3,1740,田径场,41,2,1,"",4,1,6,1,1,193
1741,高中铅球,2025-07-04 20:09:29,2025-07-04 20:11:13,0,,,,,1,3,1741,铅球坑,41,2,3,"",4,1,6,1,0,186
1742,高中铅球,2025-07-04 20:09:29,2025-07-04 20:11:13,0,,,,,1,3,1742,铅球坑,41,2,3,"",4,1,6,1,1,186
1743,初中铅球,2025-07-04 20:09:29,2025-07-04 20:11:13,0,,,,,1,3,1743,铅球坑,41,2,3,"",4,1,6,1,0,193
1744,初中铅球,2025-07-04 20:09:29,2025-07-04 20:11:13,0,,,,,1,3,1744,铅球坑,41,2,3,"",4,1,6,1,1,193
1745,农村小学铅球,2025-07-04 20:09:29,2025-07-04 20:11:13,0,,,,,1,3,1745,铅球坑,41,2,3,"",4,1,6,1,0,193
1746,农村小学铅球,2025-07-04 20:09:29,2025-07-04 20:11:13,0,,,,,1,3,1746,铅球坑,41,2,3,"",4,1,6,1,1,193
1747,初中4*100接力,2025-07-04 20:09:29,2025-07-04 20:11:13,0,,,,,1,3,1747,跑道,41,1,2,4*100,,2,,,0,
1748,县直200米,2025-07-05 09:19:23,2025-07-06 00:00:00,0,,,,,2,1,1748,田径场,42,1,1,200,6,1,7,1,0,194
1749,县直200米,2025-07-05 09:19:23,2025-07-06 00:00:00,0,,,,,2,1,1749,田径场,42,1,1,200,6,1,7,1,1,194
1750,县直200米,2025-07-05 09:19:23,2025-07-06 00:00:00,0,2025-07-09 09:30:00,2025-07-09 09:54:00,,,2,3,1748,田径场,42,1,1,200,,3,,,0,194
1751,县直200米,2025-07-05 09:19:23,2025-07-06 00:00:00,0,2025-07-09 09:54:00,2025-07-09 10:18:00,,,2,3,1749,田径场,42,1,1,200,,3,,,1,194
1752,高中200米,2025-07-05 09:19:23,2025-07-06 00:00:00,0,,,,,2,1,1752,田径场,42,1,1,200,4,1,6,1,1,194
1753,高中200米,2025-07-05 09:19:23,2025-07-06 00:00:00,0,2025-07-09 10:18:00,2025-07-09 10:39:00,,,2,3,1752,田径场,42,1,1,200,,3,,,1,194
1754,高中200米,2025-07-05 09:19:23,2025-07-06 00:00:00,0,,,,,2,1,1754,田径场,42,1,1,200,4,1,6,1,0,194
1755,高中200米,2025-07-05 09:19:23,2025-07-06 00:00:00,0,2025-07-09 10:39:00,2025-07-09 11:00:00,,,2,3,1754,田径场,42,1,1,200,,3,,,0,194
1756,初中200米,2025-07-05 09:19:23,2025-07-06 00:00:00,0,,,,,2,1,1756,田径场,42,1,1,200,4,1,16,1,1,
1757,初中200米,2025-07-05 09:19:23,2025-07-06 00:00:00,0,,,,,2,1,1757,田径场,42,1,1,200,4,1,16,1,0,
1758,初中200米,2025-07-05 09:19:23,2025-07-06 00:00:00,0,2025-07-09 11:00:00,2025-07-09 11:51:00,,,2,3,1756,田径场,42,1,1,200,,3,,,1,
1759,初中200米,2025-07-05 09:19:23,2025-07-06 00:00:00,0,2025-07-09 13:30:00,2025-07-09 14:21:00,,,2,3,1757,田径场,42,1,1,200,,3,,,0,
1760,农小200米,2025-07-05 09:19:23,2025-07-06 00:00:00,0,,,,,2,1,1760,田径场,42,1,1,200,4,1,16,1,1,
1761,农小200米,2025-07-05 09:19:23,2025-07-06 00:00:00,0,,,,,2,1,1761,田径场,42,1,1,200,4,1,16,1,0,
1762,农小200米,2025-07-05 09:19:23,2025-07-06 00:00:00,0,2025-07-09 14:21:00,2025-07-09 15:12:00,,,2,3,1760,田径场,42,1,1,200,,3,,,1,
1763,农小200米,2025-07-05 09:19:23,2025-07-06 00:00:00,0,2025-07-09 15:12:00,2025-07-09 16:03:00,,,2,3,1761,田径场,42,1,1,200,,3,,,0,
1764,高中跳远,2025-07-05 09:19:23,2025-07-06 00:00:00,0,,,,,1,3,1764,田径场,42,2,1,"",4,1,6,1,0,195
1765,高中三级跳远,2025-07-05 09:19:23,2025-07-06 00:00:00,0,,,,,1,3,1765,田径场,42,2,2,"",4,1,6,1,1,195
1766,县直小学铅球,2025-07-05 09:19:23,2025-07-06 00:00:00,0,,,,,1,3,1766,田径场,42,2,4,"",4,1,6,1,0,195
1767,县直小学铅球,2025-07-05 09:19:23,2025-07-06 00:00:00,0,,,,,1,3,1767,铅球坑,42,2,3,"",4,1,6,1,1,195
1768,高中4×100米,2025-07-05 09:19:23,2025-07-06 00:00:00,0,,,,,1,3,1768,田径场,42,1,2,4*100,,2,,,,196
1769,初中4×100米,2025-07-05 09:19:23,2025-07-06 00:00:00,0,,,,,2,1,1769,田径场,42,1,2,4*100,4,1,4,1,1,
1770,初中4×100米,2025-07-05 09:19:23,2025-07-06 00:00:00,0,,,,,2,1,1770,田径场,42,1,2,4*100,4,1,4,1,0,
1771,初中4×100米,2025-07-05 09:19:23,2025-07-06 00:00:00,0,2025-07-09 16:03:00,2025-07-09 16:22:00,,,2,3,1769,田径场,42,1,2,4*100,,3,,,1,
1772,初中4×100米,2025-07-05 09:19:23,2025-07-06 00:00:00,0,2025-07-09 16:22:00,2025-07-09 16:41:00,,,2,3,1770,田径场,42,1,2,4*100,,3,,,0,
1773,农小4×100米,2025-07-05 09:19:23,2025-07-06 00:00:00,0,,,,,2,1,1773,铅球坑,42,1,2,4*100,4,1,4,1,1,197
1774,农小4×100米,2025-07-05 09:19:23,2025-07-06 00:00:00,0,2025-07-09 16:41:00,2025-07-09 17:00:00,,,2,3,1773,铅球坑,42,1,2,4*100,,3,,,1,197
1775,县直小学4×100米,2025-07-05 09:19:23,2025-07-06 00:00:00,0,,,,,1,3,1775,田径场,42,1,2,4*100,,2,,,,198
1776,高中100米,2025-07-05 09:19:23,2025-07-06 00:00:00,0,,,,,2,1,1776,田径场,42,1,1,100,4,1,6,1,1,194
1777,高中100米,2025-07-05 09:19:23,2025-07-06 00:00:00,0,,,,,2,1,1777,田径场,42,1,1,100,4,1,6,1,0,194
1778,高中100米,2025-07-05 09:19:23,2025-07-06 00:00:00,0,2025-07-10 09:30:00,2025-07-10 09:51:00,,,2,3,1776,田径场,42,1,1,100,,3,,,1,194
1779,高中100米,2025-07-05 09:19:23,2025-07-06 00:00:00,0,2025-07-10 09:51:00,2025-07-10 10:12:00,,,2,3,1777,田径场,42,1,1,100,,3,,,0,194
1780,初中100米,2025-07-05 09:19:23,2025-07-06 00:00:00,0,,,,,2,1,1780,田径场,42,1,1,100,4,1,6,1,1,
1781,初中100米,2025-07-05 09:19:23,2025-07-06 00:00:00,0,,,,,2,1,1781,田径场,42,1,1,100,4,1,6,1,0,
1782,初中100米,2025-07-05 09:19:23,2025-07-06 00:00:00,0,2025-07-10 10:12:00,2025-07-10 10:33:00,,,2,3,1780,田径场,42,1,1,100,,3,,,1,
1783,初中100米,2025-07-05 09:19:23,2025-07-06 00:00:00,0,2025-07-10 10:33:00,2025-07-10 10:54:00,,,2,3,1781,田径场,42,1,1,100,,3,,,0,
1784,县直100米,2025-07-05 09:19:23,2025-07-06 00:00:00,0,,,,,2,1,1784,田径场,42,1,1,100,4,1,6,1,1,194
1785,县直100米,2025-07-05 09:19:23,2025-07-06 00:00:00,0,2025-07-10 10:54:00,2025-07-10 11:15:00,,,2,3,1784,田径场,42,1,1,100,,3,,,1,194
1786,县直100米,2025-07-05 09:19:23,2025-07-06 00:00:00,0,,,,,2,1,1786,田径场,42,1,1,100,4,1,6,1,0,194
1787,县直100米,2025-07-05 09:19:23,2025-07-06 00:00:00,0,2025-07-10 11:15:00,2025-07-10 11:36:00,,,2,3,1786,田径场,42,1,1,100,,3,,,0,194
1788,农小100米,2025-07-05 09:19:23,2025-07-06 00:00:00,0,,,,,2,1,1788,田径场,42,1,1,100,4,1,6,1,0,197
1789,农小100米,2025-07-05 09:19:23,2025-07-06 00:00:00,0,,,,,2,1,1789,田径场,42,1,1,100,4,1,6,1,1,197
1790,农小100米,2025-07-05 09:19:23,2025-07-06 00:00:00,0,2025-07-10 11:36:00,2025-07-10 11:57:00,,,2,3,1789,田径场,42,1,1,100,,3,,,1,197
1791,农小100米,2025-07-05 09:19:23,2025-07-06 00:00:00,0,2025-07-10 13:30:00,2025-07-10 13:51:00,,,2,3,1788,田径场,42,1,1,100,,3,,,0,197
1792,高中800米,2025-07-05 09:19:23,2025-07-06 00:00:00,0,,,,,2,1,1792,田径场,42,1,1,800,4,1,6,1,0,199
1793,高中800米,2025-07-05 09:19:23,2025-07-06 00:00:00,0,2025-07-10 13:51:00,2025-07-10 14:24:00,,,2,3,1792,田径场,42,1,1,800,,3,,,0,199
1794,农村小学4*100接力跑,2025-07-05 09:19:23,2025-07-06 00:00:00,0,,,,,1,3,1794,跑道,42,1,2,4*100,,2,,,,200
1795,农村小学800米,2025-07-05 09:19:23,2025-07-06 00:00:00,0,,,,,1,3,1795,跑道,42,1,1,800,12,1,,,0,199
1796,农村小学800米,2025-07-05 09:19:23,2025-07-06 00:00:00,0,,,,,1,3,1796,跑道,42,1,1,800,12,1,,,1,
1797,县直小学800米,2025-07-05 09:19:23,2025-07-06 00:00:00,0,,,,,1,3,1797,跑道,42,1,1,800,12,1,,,0,
1798,县直小学800米,2025-07-05 09:19:23,2025-07-06 00:00:00,0,,,,,1,3,1798,跑道,42,1,1,800,12,1,,,1,199
1799,初中1500米,2025-07-05 09:19:23,2025-07-06 00:00:00,0,,,,,1,3,1799,跑道,42,1,1,1500,,2,,,0,201
1800,初中1500米,2025-07-05 09:19:23,2025-07-06 00:00:00,0,,,,,1,3,1800,跑道,42,1,1,1500,15,1,,,1,199
1801,高中1500米,2025-07-05 09:19:23,2025-07-06 00:00:00,0,,,,,1,3,1801,跑道,42,1,1,1500,15,1,,,0,199
1802,高中1500米,2025-07-05 09:19:23,2025-07-06 00:00:00,0,,,,,1,3,1802,跑道,42,1,1,1500,15,1,,,1,199
1803,县直小学1500米,2025-07-05 09:19:23,2025-07-06 00:00:00,0,,,,,1,3,1803,跑道,42,1,1,1500,15,1,,,1,195
1804,县直小学1500米,2025-07-05 09:19:23,2025-07-06 00:00:00,0,,,,,1,3,1804,跑道,42,1,1,1500,15,1,,,1,199
1805,农村小学1500米,2025-07-05 09:19:23,2025-07-06 00:00:00,0,,,,,1,3,1805,跑道,42,1,1,1500,15,1,,,1,201
1806,农村小学1500米,2025-07-05 09:19:23,2025-07-06 00:00:00,0,,,,,1,3,1806,跑道,42,1,1,1500,15,1,,,1,201
1807,高中跳远,2025-07-05 09:19:23,2025-07-06 00:00:00,0,,,,,1,3,1807,田径场,42,2,1,"",4,1,8,1,1,195
1808,高中三级跳远,2025-07-05 09:19:23,2025-07-06 00:00:00,0,,,,,1,3,1808,田径场,42,2,2,"",,2,,,0,195
1809,县直小学跳高,2025-07-05 09:19:23,2025-07-06 00:00:00,0,,,,,1,3,1809,田径场,42,2,4,"",,2,,,1,195
1810,县直小学跳高,2025-07-05 09:19:23,2025-07-06 00:00:00,0,,,,,1,3,1810,田径场,42,2,4,"",,2,,,0,195
1811,农村小学跳高,2025-07-05 09:19:23,2025-07-06 00:00:00,0,,,,,1,3,1811,田径场,42,2,4,"",,2,,,0,202
1812,农村小学跳高,2025-07-05 09:19:24,2025-07-06 00:00:00,0,,,,,1,3,1812,田径场,42,2,4,"",,2,,,1,202
1813,初中小学跳高,2025-07-05 09:19:24,2025-07-06 00:00:00,0,,,,,1,3,1813,田径场,42,2,4,"",,2,,,0,202
1814,初中小学跳高,2025-07-05 09:19:24,2025-07-06 00:00:00,0,,,,,1,3,1814,田径场,42,2,4,"",,2,,,1,202
1815,高中跳高,2025-07-05 09:19:24,2025-07-06 00:00:00,0,,,,,1,3,1815,田径场,42,2,4,"",,2,,,0,195
1816,高中跳高,2025-07-05 09:19:24,2025-07-06 00:00:00,0,,,,,1,3,1816,田径场,42,2,4,"",,2,,,1,195
1817,初中三级跳远,2025-07-05 09:19:24,2025-07-06 00:00:00,0,,,,,1,3,1817,田径场,42,2,2,"",,2,,,0,202
1818,初中三级跳远,2025-07-05 09:19:24,2025-07-06 00:00:00,0,,,,,1,3,1818,田径场,42,2,2,"",,2,,,1,202
1819,县直小学三级跳远,2025-07-05 09:19:24,2025-07-06 00:00:00,0,,,,,1,3,1819,田径场,42,2,2,"",,2,,,0,195
1820,县直小学三级跳远,2025-07-05 09:19:24,2025-07-06 00:00:00,0,,,,,1,3,1820,田径场,42,2,2,"",,2,,,1,195
1821,农村小学三级跳远,2025-07-05 09:19:24,2025-07-06 00:00:00,0,,,,,1,3,1821,田径场,42,2,2,"",,2,,,0,202
1822,农村小学三级跳远,2025-07-05 09:19:24,2025-07-06 00:00:00,0,,,,,1,3,1822,田径场,42,2,2,"",,2,,,1,202
1823,初中跳远,2025-07-05 09:19:24,2025-07-06 00:00:00,0,,,,,1,3,1823,田径场,42,2,1,"",4,1,6,1,0,202
1824,初中跳远,2025-07-05 09:19:24,2025-07-06 00:00:00,0,,,,,1,3,1824,田径场,42,2,1,"",4,1,6,1,1,202
1825,县直小学跳远,2025-07-05 09:19:24,2025-07-06 00:00:00,0,,,,,1,3,1825,田径场,42,2,1,"",4,1,6,1,0,195
1826,县直小学跳远,2025-07-05 09:19:24,2025-07-06 00:00:00,0,,,,,1,3,1826,田径场,42,2,1,"",4,1,6,1,1,195
1827,农村小学跳远,2025-07-05 09:19:24,2025-07-06 00:00:00,0,,,,,1,3,1827,田径场,42,2,1,"",4,1,6,1,0,202
1828,农村小学跳远,2025-07-05 09:19:24,2025-07-06 00:00:00,0,,,,,1,3,1828,田径场,42,2,1,"",4,1,6,1,1,202
1829,高中铅球,2025-07-05 09:19:24,2025-07-06 00:00:00,0,,,,,1,3,1829,铅球坑,42,2,3,"",4,1,6,1,0,195
1830,高中铅球,2025-07-05 09:19:24,2025-07-06 00:00:00,0,,,,,1,3,1830,铅球坑,42,2,3,"",4,1,6,1,1,195
1831,初中铅球,2025-07-05 09:19:24,2025-07-06 00:00:00,0,,,,,1,3,1831,铅球坑,42,2,3,"",4,1,6,1,0,202
1832,初中铅球,2025-07-05 09:19:24,2025-07-06 00:00:00,0,,,,,1,3,1832,铅球坑,42,2,3,"",4,1,6,1,1,202
1833,农村小学铅球,2025-07-05 09:19:24,2025-07-06 00:00:00,0,,,,,1,3,1833,铅球坑,42,2,3,"",4,1,6,1,0,202
1834,农村小学铅球,2025-07-05 09:19:24,2025-07-06 00:00:00,0,,,,,1,3,1834,铅球坑,42,2,3,"",4,1,6,1,1,202
1835,初中4*100接力,2025-07-05 09:19:24,2025-07-06 00:00:00,0,,,,,1,3,1835,跑道,42,1,2,4*100,,2,,,0,
1836,县直200米,2025-07-05 09:37:00,2025-07-05 00:00:00,1,2025-07-05 08:30:00,2025-07-05 08:33:00,,,2,1,1836,副田径场,43,1,1,200,6,5,7,1,0,203
1837,县直200米,2025-07-05 09:37:00,2025-07-05 00:00:00,0,,,,,2,1,1837,田径场,43,1,1,200,6,1,7,1,1,203
1838,县直200米,2025-07-05 09:37:00,2025-07-05 00:00:00,1,2025-07-05 08:33:00,2025-07-05 08:57:00,,,2,3,1836,田径场,43,1,1,200,,3,,,0,203
1839,县直200米,2025-07-05 09:37:00,2025-07-05 00:00:00,0,2025-07-05 08:57:00,2025-07-05 09:21:00,,,2,3,1837,田径场,43,1,1,200,,3,,,1,203
1840,高中200米,2025-07-05 09:37:00,2025-07-05 00:00:00,0,,,,,2,1,1840,田径场,43,1,1,200,4,1,6,1,1,203
1841,高中200米,2025-07-05 09:37:00,2025-07-05 00:00:00,0,2025-07-05 09:21:00,2025-07-05 09:42:00,,,2,3,1840,田径场,43,1,1,200,,3,,,1,203
1842,高中200米,2025-07-05 09:37:00,2025-07-05 00:00:00,0,,,,,2,1,1842,田径场,43,1,1,200,4,1,6,1,0,203
1843,高中200米,2025-07-05 09:37:00,2025-07-05 00:00:00,0,2025-07-05 09:42:00,2025-07-05 10:03:00,,,2,3,1842,田径场,43,1,1,200,,3,,,0,203
1844,初中200米,2025-07-05 09:37:00,2025-07-05 00:00:00,0,,,,,2,1,1844,田径场,43,1,1,200,4,1,16,1,1,
1845,初中200米,2025-07-05 09:37:00,2025-07-05 00:00:00,0,,,,,2,1,1845,田径场,43,1,1,200,4,1,16,1,0,
1846,初中200米,2025-07-05 09:37:00,2025-07-05 00:00:00,0,2025-07-05 10:03:00,2025-07-05 10:54:00,,,2,3,1844,田径场,43,1,1,200,,3,,,1,
1847,初中200米,2025-07-05 09:37:00,2025-07-05 00:00:00,0,2025-07-05 10:54:00,2025-07-05 11:45:00,,,2,3,1845,田径场,43,1,1,200,,3,,,0,
1848,农小200米,2025-07-05 09:37:00,2025-07-05 00:00:00,0,,,,,2,1,1848,田径场,43,1,1,200,4,1,16,1,1,
1849,农小200米,2025-07-05 09:37:00,2025-07-05 00:00:00,0,,,,,2,1,1849,田径场,43,1,1,200,4,1,16,1,0,
1850,农小200米,2025-07-05 09:37:00,2025-07-05 00:00:00,0,2025-07-05 13:30:00,2025-07-05 14:21:00,,,2,3,1848,田径场,43,1,1,200,,3,,,1,
1851,农小200米,2025-07-05 09:37:00,2025-07-05 00:00:00,0,2025-07-05 14:21:00,2025-07-05 15:12:00,,,2,3,1849,田径场,43,1,1,200,,3,,,0,
1852,高中跳远,2025-07-05 09:37:00,2025-07-05 00:00:00,0,,,,,1,3,1852,田径场,43,2,1,"",4,1,6,1,0,204
1853,高中三级跳远,2025-07-05 09:37:00,2025-07-05 00:00:00,0,,,,,1,3,1853,田径场,43,2,2,"",4,1,6,1,1,204
1854,县直小学铅球,2025-07-05 09:37:00,2025-07-05 00:00:00,0,,,,,1,3,1854,田径场,43,2,4,"",4,1,6,1,0,204
1855,县直小学铅球,2025-07-05 09:37:00,2025-07-05 00:00:00,0,,,,,1,3,1855,铅球坑,43,2,3,"",4,1,6,1,1,204
1856,高中4×100米,2025-07-05 09:37:00,2025-07-05 00:00:00,0,,,,,1,3,1856,田径场,43,1,2,4*100,,2,,,,205
1857,初中4×100米,2025-07-05 09:37:00,2025-07-05 00:00:00,0,,,,,2,1,1857,田径场,43,1,2,4*100,4,1,4,1,1,
1858,初中4×100米,2025-07-05 09:37:00,2025-07-05 00:00:00,0,,,,,2,1,1858,田径场,43,1,2,4*100,4,1,4,1,0,
1859,初中4×100米,2025-07-05 09:37:00,2025-07-05 00:00:00,0,2025-07-05 15:12:00,2025-07-05 15:31:00,,,2,3,1857,田径场,43,1,2,4*100,,3,,,1,
1860,初中4×100米,2025-07-05 09:37:00,2025-07-05 00:00:00,0,2025-07-05 15:31:00,2025-07-05 15:50:00,,,2,3,1858,田径场,43,1,2,4*100,,3,,,0,
1861,农小4×100米,2025-07-05 09:37:00,2025-07-05 00:00:00,0,,,,,2,1,1861,铅球坑,43,1,2,4*100,4,1,4,1,1,206
1862,农小4×100米,2025-07-05 09:37:00,2025-07-05 00:00:00,0,2025-07-05 15:50:00,2025-07-05 16:09:00,,,2,3,1861,铅球坑,43,1,2,4*100,,3,,,1,206
1863,县直小学4×100米,2025-07-05 09:37:00,2025-07-05 00:00:00,0,,,,,1,3,1863,田径场,43,1,2,4*100,,2,,,,207
1864,高中100米,2025-07-05 09:37:00,2025-07-05 00:00:00,0,,,,,2,1,1864,田径场,43,1,1,100,4,1,6,1,1,203
1865,高中100米,2025-07-05 09:37:00,2025-07-05 00:00:00,0,,,,,2,1,1865,田径场,43,1,1,100,4,1,6,1,0,203
1866,高中100米,2025-07-05 09:37:00,2025-07-05 00:00:00,0,2025-07-05 16:09:00,2025-07-05 16:30:00,,,2,3,1864,田径场,43,1,1,100,,3,,,1,203
1867,高中100米,2025-07-05 09:37:00,2025-07-05 00:00:00,0,2025-07-05 16:30:00,2025-07-05 16:51:00,,,2,3,1865,田径场,43,1,1,100,,3,,,0,203
1868,初中100米,2025-07-05 09:37:00,2025-07-05 00:00:00,0,,,,,2,1,1868,田径场,43,1,1,100,4,1,6,1,1,
1869,初中100米,2025-07-05 09:37:00,2025-07-05 00:00:00,0,,,,,2,1,1869,田径场,43,1,1,100,4,1,6,1,0,
1870,初中100米,2025-07-05 09:37:00,2025-07-05 00:00:00,0,2025-07-05 16:51:00,2025-07-05 17:12:00,,,2,3,1868,田径场,43,1,1,100,,3,,,1,
1871,初中100米,2025-07-05 09:37:00,2025-07-05 00:00:00,0,2025-07-05 17:12:00,2025-07-05 17:33:00,,,2,3,1869,田径场,43,1,1,100,,3,,,0,
1872,县直100米,2025-07-05 09:37:00,2025-07-05 00:00:00,0,,,,,2,1,1872,田径场,43,1,1,100,4,1,6,1,1,203
1873,县直100米,2025-07-05 09:37:00,2025-07-05 00:00:00,0,2025-07-05 17:33:00,2025-07-05 17:54:00,,,2,3,1872,田径场,43,1,1,100,,3,,,1,203
1874,县直100米,2025-07-05 09:37:00,2025-07-05 00:00:00,0,,,,,2,1,1874,田径场,43,1,1,100,4,1,6,1,0,203
1875,县直100米,2025-07-05 09:37:00,2025-07-05 00:00:00,0,2025-07-05 17:54:00,2025-07-05 18:15:00,,,2,3,1874,田径场,43,1,1,100,,3,,,0,203
1876,农小100米,2025-07-05 09:37:00,2025-07-05 00:00:00,0,,,,,2,1,1876,田径场,43,1,1,100,4,1,6,1,0,206
1877,农小100米,2025-07-05 09:37:00,2025-07-05 00:00:00,0,,,,,2,1,1877,田径场,43,1,1,100,4,1,6,1,1,206
1878,农小100米,2025-07-05 09:37:00,2025-07-05 00:00:00,0,2025-07-05 18:15:00,2025-07-05 18:36:00,,,2,3,1877,田径场,43,1,1,100,,3,,,1,206
1879,农小100米,2025-07-05 09:37:00,2025-07-05 00:00:00,0,2025-07-05 18:36:00,2025-07-05 18:57:00,,,2,3,1876,田径场,43,1,1,100,,3,,,0,206
1880,高中800米,2025-07-05 09:37:00,2025-07-05 00:00:00,0,,,,,2,1,1880,田径场,43,1,1,800,4,1,6,1,0,208
1881,高中800米,2025-07-05 09:37:00,2025-07-05 00:00:00,0,2025-07-05 18:57:00,2025-07-05 19:30:00,,,2,3,1880,田径场,43,1,1,800,,3,,,0,208
1882,农村小学4*100接力跑,2025-07-05 09:37:00,2025-07-05 00:00:00,0,,,,,1,3,1882,跑道,43,1,2,4*100,,2,,,,209
1883,农村小学800米,2025-07-05 09:37:00,2025-07-05 00:00:00,0,,,,,1,3,1883,跑道,43,1,1,800,12,1,,,0,208
1884,农村小学800米,2025-07-05 09:37:00,2025-07-05 00:00:00,0,,,,,1,3,1884,跑道,43,1,1,800,12,1,,,1,
1885,县直小学800米,2025-07-05 09:37:00,2025-07-05 00:00:00,0,,,,,1,3,1885,跑道,43,1,1,800,12,1,,,0,
1886,县直小学800米,2025-07-05 09:37:00,2025-07-05 00:00:00,0,,,,,1,3,1886,跑道,43,1,1,800,12,1,,,1,208
1887,初中1500米,2025-07-05 09:37:00,2025-07-05 00:00:00,0,,,,,1,3,1887,跑道,43,1,1,1500,,2,,,0,210
1888,初中1500米,2025-07-05 09:37:00,2025-07-05 00:00:00,0,,,,,1,3,1888,跑道,43,1,1,1500,15,1,,,1,208
1889,高中1500米,2025-07-05 09:37:00,2025-07-05 00:00:00,0,,,,,1,3,1889,跑道,43,1,1,1500,15,1,,,0,208
1890,高中1500米,2025-07-05 09:37:00,2025-07-05 00:00:00,0,,,,,1,3,1890,跑道,43,1,1,1500,15,1,,,1,208
1891,县直小学1500米,2025-07-05 09:37:00,2025-07-05 00:00:00,0,,,,,1,3,1891,跑道,43,1,1,1500,15,1,,,1,204
1892,县直小学1500米,2025-07-05 09:37:00,2025-07-05 00:00:00,0,,,,,1,3,1892,跑道,43,1,1,1500,15,1,,,1,208
1893,农村小学1500米,2025-07-05 09:37:00,2025-07-05 00:00:00,0,,,,,1,3,1893,跑道,43,1,1,1500,15,1,,,1,210
1894,农村小学1500米,2025-07-05 09:37:00,2025-07-05 00:00:00,0,,,,,1,3,1894,跑道,43,1,1,1500,15,1,,,1,210
1895,高中跳远,2025-07-05 09:37:00,2025-07-05 00:00:00,0,,,,,1,3,1895,田径场,43,2,1,"",4,1,8,1,1,204
1896,高中三级跳远,2025-07-05 09:37:00,2025-07-05 00:00:00,0,,,,,1,3,1896,田径场,43,2,2,"",,2,,,0,204
1897,县直小学跳高,2025-07-05 09:37:00,2025-07-05 00:00:00,0,,,,,1,3,1897,田径场,43,2,4,"",,2,,,1,204
1898,县直小学跳高,2025-07-05 09:37:00,2025-07-05 00:00:00,0,,,,,1,3,1898,田径场,43,2,4,"",,2,,,0,204
1899,农村小学跳高,2025-07-05 09:37:00,2025-07-05 00:00:00,0,,,,,1,3,1899,田径场,43,2,4,"",,2,,,0,211
1900,农村小学跳高,2025-07-05 09:37:00,2025-07-05 00:00:00,0,,,,,1,3,1900,田径场,43,2,4,"",,2,,,1,211
1901,初中小学跳高,2025-07-05 09:37:00,2025-07-05 00:00:00,0,,,,,1,3,1901,田径场,43,2,4,"",,2,,,0,211
1902,初中小学跳高,2025-07-05 09:37:00,2025-07-05 00:00:00,0,,,,,1,3,1902,田径场,43,2,4,"",,2,,,1,211
1903,高中跳高,2025-07-05 09:37:00,2025-07-05 00:00:00,0,,,,,1,3,1903,田径场,43,2,4,"",,2,,,0,204
1904,高中跳高,2025-07-05 09:37:00,2025-07-05 00:00:00,0,,,,,1,3,1904,田径场,43,2,4,"",,2,,,1,204
1905,初中三级跳远,2025-07-05 09:37:00,2025-07-05 00:00:00,0,,,,,1,3,1905,田径场,43,2,2,"",,2,,,0,211
1906,初中三级跳远,2025-07-05 09:37:00,2025-07-05 00:00:00,0,,,,,1,3,1906,田径场,43,2,2,"",,2,,,1,211
1907,县直小学三级跳远,2025-07-05 09:37:00,2025-07-05 00:00:00,0,,,,,1,3,1907,田径场,43,2,2,"",,2,,,0,204
1908,县直小学三级跳远,2025-07-05 09:37:00,2025-07-05 00:00:00,0,,,,,1,3,1908,田径场,43,2,2,"",,2,,,1,204
1909,农村小学三级跳远,2025-07-05 09:37:00,2025-07-05 00:00:00,0,,,,,1,3,1909,田径场,43,2,2,"",,2,,,0,211
1910,农村小学三级跳远,2025-07-05 09:37:00,2025-07-05 00:00:00,0,,,,,1,3,1910,田径场,43,2,2,"",,2,,,1,211
1911,初中跳远,2025-07-05 09:37:00,2025-07-05 00:00:00,0,,,,,1,3,1911,田径场,43,2,1,"",4,1,6,1,0,211
1912,初中跳远,2025-07-05 09:37:00,2025-07-05 00:00:00,0,,,,,1,3,1912,田径场,43,2,1,"",4,1,6,1,1,211
1913,县直小学跳远,2025-07-05 09:37:00,2025-07-05 00:00:00,0,,,,,1,3,1913,田径场,43,2,1,"",4,1,6,1,0,204
1914,县直小学跳远,2025-07-05 09:37:00,2025-07-05 00:00:00,0,,,,,1,3,1914,田径场,43,2,1,"",4,1,6,1,1,204
1915,农村小学跳远,2025-07-05 09:37:00,2025-07-05 00:00:00,0,,,,,1,3,1915,田径场,43,2,1,"",4,1,6,1,0,211
1916,农村小学跳远,2025-07-05 09:37:00,2025-07-05 00:00:00,0,,,,,1,3,1916,田径场,43,2,1,"",4,1,6,1,1,211
1917,高中铅球,2025-07-05 09:37:00,2025-07-05 00:00:00,0,,,,,1,3,1917,铅球坑,43,2,3,"",4,1,6,1,0,204
1918,高中铅球,2025-07-05 09:37:00,2025-07-05 00:00:00,0,,,,,1,3,1918,铅球坑,43,2,3,"",4,1,6,1,1,204
1919,初中铅球,2025-07-05 09:37:00,2025-07-05 00:00:00,0,,,,,1,3,1919,铅球坑,43,2,3,"",4,1,6,1,0,211
1920,初中铅球,2025-07-05 09:37:00,2025-07-05 09:38:00,1,2025-07-05 08:30:00,2025-07-05 08:41:00,,,1,3,1920,铅球坑,43,2,3,"",4,3,6,1,1,211
1921,农村小学铅球,2025-07-05 09:37:00,2025-07-05 00:00:00,0,,,,,1,3,1921,铅球坑,43,2,3,"",4,1,6,1,0,211
1922,农村小学铅球,2025-07-05 09:37:00,2025-07-05 00:00:00,0,,,,,1,3,1922,铅球坑,43,2,3,"",4,1,6,1,1,211
1923,初中4*100接力,2025-07-05 09:37:01,2025-07-05 00:00:00,0,,,,,1,3,1923,跑道,43,1,2,4*100,,2,,,0,
1924,县直200米,2025-07-05 10:45:14,2025-07-03 07:00:00,0,,,,,2,1,1924,田径场,44,1,1,200,6,1,7,1,0,212
1925,县直200米,2025-07-05 10:45:14,2025-07-03 07:00:00,1,2025-07-09 08:05:00,2025-07-09 08:08:00,,,2,1,1925,田径场,44,1,1,200,6,3,7,1,1,212
1926,县直200米,2025-07-05 10:45:14,2025-07-03 07:00:00,0,2025-07-09 08:08:00,2025-07-09 08:32:00,,,2,3,1924,田径场,44,1,1,200,,3,,,0,212
1927,县直200米,2025-07-05 10:45:14,2025-07-03 07:00:00,0,2025-07-09 08:32:00,2025-07-09 08:56:00,,,2,3,1925,田径场,44,1,1,200,,3,,,1,212
1928,高中200米,2025-07-05 10:45:14,2025-07-03 07:00:00,0,,,,,2,1,1928,田径场,44,1,1,200,4,1,6,1,1,212
1929,高中200米,2025-07-05 10:45:15,2025-07-03 07:00:00,0,2025-07-09 08:56:00,2025-07-09 09:17:00,,,2,3,1928,田径场,44,1,1,200,,3,,,1,212
1930,高中200米,2025-07-05 10:45:15,2025-07-03 07:00:00,0,,,,,2,1,1930,田径场,44,1,1,200,4,1,6,1,0,212
1931,高中200米,2025-07-05 10:45:15,2025-07-03 07:00:00,0,2025-07-09 09:17:00,2025-07-09 09:38:00,,,2,3,1930,田径场,44,1,1,200,,3,,,0,212
1932,初中200米,2025-07-05 10:45:15,2025-07-03 07:00:00,0,,,,,2,1,1932,田径场,44,1,1,200,4,1,16,1,1,
1933,初中200米,2025-07-05 10:45:15,2025-07-03 07:00:00,0,,,,,2,1,1933,田径场,44,1,1,200,4,1,16,1,0,
1934,初中200米,2025-07-05 10:45:15,2025-07-03 07:00:00,0,2025-07-09 09:38:00,2025-07-09 10:29:00,,,2,3,1932,田径场,44,1,1,200,,3,,,1,
1935,初中200米,2025-07-05 10:45:15,2025-07-03 07:00:00,0,2025-07-09 10:29:00,2025-07-09 11:20:00,,,2,3,1933,田径场,44,1,1,200,,3,,,0,
1936,农小200米,2025-07-05 10:45:15,2025-07-03 07:00:00,0,,,,,2,1,1936,田径场,44,1,1,200,4,1,16,1,1,
1937,农小200米,2025-07-05 10:45:15,2025-07-03 07:00:00,0,,,,,2,1,1937,田径场,44,1,1,200,4,1,16,1,0,
1938,农小200米,2025-07-05 10:45:15,2025-07-03 07:00:00,0,2025-07-09 13:30:00,2025-07-09 14:21:00,,,2,3,1936,田径场,44,1,1,200,,3,,,1,
1939,农小200米,2025-07-05 10:45:15,2025-07-03 07:00:00,0,2025-07-09 14:21:00,2025-07-09 15:12:00,,,2,3,1937,田径场,44,1,1,200,,3,,,0,
1940,高中跳远,2025-07-05 10:45:15,2025-07-03 07:00:00,0,,,,,1,3,1940,田径场,44,2,1,"",4,1,6,1,0,213
1941,高中三级跳远,2025-07-05 10:45:15,2025-07-03 07:00:00,0,,,,,1,3,1941,田径场,44,2,2,"",4,1,6,1,1,213
1942,县直小学铅球,2025-07-05 10:45:15,2025-07-03 07:00:00,0,,,,,1,3,1942,田径场,44,2,4,"",4,1,6,1,0,213
1943,县直小学铅球,2025-07-05 10:45:15,2025-07-03 07:00:00,0,,,,,1,3,1943,铅球坑,44,2,3,"",4,1,6,1,1,213
1944,高中4×100米,2025-07-05 10:45:15,2025-07-03 07:00:00,0,,,,,1,3,1944,田径场,44,1,2,4*100,,2,,,,214
1945,初中4×100米,2025-07-05 10:45:15,2025-07-03 07:00:00,0,,,,,2,1,1945,田径场,44,1,2,4*100,4,1,4,1,1,
1946,初中4×100米,2025-07-05 10:45:15,2025-07-03 07:00:00,0,,,,,2,1,1946,田径场,44,1,2,4*100,4,1,4,1,0,
1947,初中4×100米,2025-07-05 10:45:15,2025-07-03 07:00:00,0,2025-07-09 15:12:00,2025-07-09 15:31:00,,,2,3,1945,田径场,44,1,2,4*100,,3,,,1,
1948,初中4×100米,2025-07-05 10:45:15,2025-07-03 07:00:00,0,2025-07-09 15:31:00,2025-07-09 15:50:00,,,2,3,1946,田径场,44,1,2,4*100,,3,,,0,
1949,农小4×100米,2025-07-05 10:45:15,2025-07-03 07:00:00,0,,,,,2,1,1949,铅球坑,44,1,2,4*100,4,1,4,1,1,215
1950,农小4×100米,2025-07-05 10:45:15,2025-07-03 07:00:00,0,2025-07-09 15:50:00,2025-07-09 16:09:00,,,2,3,1949,铅球坑,44,1,2,4*100,,3,,,1,215
1951,县直小学4×100米,2025-07-05 10:45:15,2025-07-03 07:00:00,0,,,,,1,3,1951,田径场,44,1,2,4*100,,2,,,,216
1952,高中100米,2025-07-05 10:45:15,2025-07-03 07:00:00,0,,,,,2,1,1952,田径场,44,1,1,100,4,1,6,1,1,212
1953,高中100米,2025-07-05 10:45:15,2025-07-03 07:00:00,0,,,,,2,1,1953,田径场,44,1,1,100,4,1,6,1,0,212
1954,高中100米,2025-07-05 10:45:15,2025-07-03 07:00:00,0,2025-07-09 16:09:00,2025-07-09 16:30:00,,,2,3,1952,田径场,44,1,1,100,,3,,,1,212
1955,高中100米,2025-07-05 10:45:15,2025-07-03 07:00:00,0,2025-07-09 16:30:00,2025-07-09 16:51:00,,,2,3,1953,田径场,44,1,1,100,,3,,,0,212
1956,初中100米,2025-07-05 10:45:15,2025-07-03 07:00:00,0,,,,,2,1,1956,田径场,44,1,1,100,4,1,6,1,1,
1957,初中100米,2025-07-05 10:45:15,2025-07-03 07:00:00,0,,,,,2,1,1957,田径场,44,1,1,100,4,1,6,1,0,
1958,初中100米,2025-07-05 10:45:15,2025-07-03 07:00:00,0,2025-07-10 08:05:00,2025-07-10 08:26:00,,,2,3,1956,田径场,44,1,1,100,,3,,,1,
1959,初中100米,2025-07-05 10:45:15,2025-07-03 07:00:00,0,2025-07-10 08:26:00,2025-07-10 08:47:00,,,2,3,1957,田径场,44,1,1,100,,3,,,0,
1960,县直100米,2025-07-05 10:45:15,2025-07-03 07:00:00,0,,,,,2,1,1960,田径场,44,1,1,100,4,1,6,1,1,212
1961,县直100米,2025-07-05 10:45:15,2025-07-03 07:00:00,0,2025-07-10 08:47:00,2025-07-10 09:08:00,,,2,3,1960,田径场,44,1,1,100,,3,,,1,212
1962,县直100米,2025-07-05 10:45:15,2025-07-03 07:00:00,0,,,,,2,1,1962,田径场,44,1,1,100,4,1,6,1,0,212
1963,县直100米,2025-07-05 10:45:15,2025-07-03 07:00:00,0,2025-07-10 09:08:00,2025-07-10 09:29:00,,,2,3,1962,田径场,44,1,1,100,,3,,,0,212
1964,农小100米,2025-07-05 10:45:15,2025-07-03 07:00:00,0,,,,,2,1,1964,田径场,44,1,1,100,4,1,6,1,0,215
1965,农小100米,2025-07-05 10:45:15,2025-07-03 07:00:00,0,,,,,2,1,1965,田径场,44,1,1,100,4,1,6,1,1,215
1966,农小100米,2025-07-05 10:45:15,2025-07-03 07:00:00,0,2025-07-10 09:29:00,2025-07-10 09:50:00,,,2,3,1965,田径场,44,1,1,100,,3,,,1,215
1967,农小100米,2025-07-05 10:45:15,2025-07-03 07:00:00,0,2025-07-10 09:50:00,2025-07-10 10:11:00,,,2,3,1964,田径场,44,1,1,100,,3,,,0,215
1968,高中800米,2025-07-05 10:45:15,2025-07-03 07:00:00,0,,,,,2,1,1968,田径场,44,1,1,800,4,1,6,1,0,217
1969,高中800米,2025-07-05 10:45:15,2025-07-03 07:00:00,0,2025-07-10 10:11:00,2025-07-10 10:44:00,,,2,3,1968,田径场,44,1,1,800,,3,,,0,217
1970,农村小学4*100接力跑,2025-07-05 10:45:15,2025-07-03 07:00:00,0,,,,,1,3,1970,跑道,44,1,2,4*100,,2,,,,218
1971,农村小学800米,2025-07-05 10:45:15,2025-07-03 07:00:00,0,,,,,1,3,1971,跑道,44,1,1,800,12,1,,,0,217
1972,农村小学800米,2025-07-05 10:45:15,2025-07-03 07:00:00,0,,,,,1,3,1972,跑道,44,1,1,800,12,1,,,1,
1973,县直小学800米,2025-07-05 10:45:15,2025-07-03 07:00:00,0,,,,,1,3,1973,跑道,44,1,1,800,12,1,,,0,
1974,县直小学800米,2025-07-05 10:45:15,2025-07-03 07:00:00,0,,,,,1,3,1974,跑道,44,1,1,800,12,1,,,1,217
1975,初中1500米,2025-07-05 10:45:15,2025-07-03 07:00:00,0,,,,,1,3,1975,跑道,44,1,1,1500,,2,,,0,219
1976,初中1500米,2025-07-05 10:45:15,2025-07-03 07:00:00,0,,,,,1,3,1976,跑道,44,1,1,1500,15,1,,,1,217
1977,高中1500米,2025-07-05 10:45:15,2025-07-03 07:00:00,0,,,,,1,3,1977,跑道,44,1,1,1500,15,1,,,0,217
1978,高中1500米,2025-07-05 10:45:15,2025-07-03 07:00:00,0,,,,,1,3,1978,跑道,44,1,1,1500,15,1,,,1,217
1979,县直小学1500米,2025-07-05 10:45:15,2025-07-03 07:00:00,0,,,,,1,3,1979,跑道,44,1,1,1500,15,1,,,1,213
1980,县直小学1500米,2025-07-05 10:45:15,2025-07-03 07:00:00,0,,,,,1,3,1980,跑道,44,1,1,1500,15,1,,,1,217
1981,农村小学1500米,2025-07-05 10:45:15,2025-07-03 07:00:00,0,,,,,1,3,1981,跑道,44,1,1,1500,15,1,,,1,219
1982,农村小学1500米,2025-07-05 10:45:15,2025-07-03 07:00:00,0,,,,,1,3,1982,跑道,44,1,1,1500,15,1,,,1,219
1983,高中跳远,2025-07-05 10:45:15,2025-07-03 07:00:00,0,,,,,1,3,1983,田径场,44,2,1,"",4,1,8,1,1,213
1984,高中三级跳远,2025-07-05 10:45:15,2025-07-03 07:00:00,0,,,,,1,3,1984,田径场,44,2,2,"",,2,,,0,213
1985,县直小学跳高,2025-07-05 10:45:15,2025-07-03 07:00:00,0,,,,,1,3,1985,田径场,44,2,4,"",,2,,,1,213
1986,县直小学跳高,2025-07-05 10:45:15,2025-07-03 07:00:00,0,,,,,1,3,1986,田径场,44,2,4,"",,2,,,0,213
1987,农村小学跳高,2025-07-05 10:45:15,2025-07-03 07:00:00,0,,,,,1,3,1987,田径场,44,2,4,"",,2,,,0,220
1988,农村小学跳高,2025-07-05 10:45:15,2025-07-03 07:00:00,0,,,,,1,3,1988,田径场,44,2,4,"",,2,,,1,220
1989,初中小学跳高,2025-07-05 10:45:15,2025-07-03 07:00:00,0,,,,,1,3,1989,田径场,44,2,4,"",,2,,,0,220
1990,初中小学跳高,2025-07-05 10:45:15,2025-07-03 07:00:00,0,,,,,1,3,1990,田径场,44,2,4,"",,2,,,1,220
1991,高中跳高,2025-07-05 10:45:15,2025-07-03 07:00:00,0,,,,,1,3,1991,田径场,44,2,4,"",,2,,,0,213
1992,高中跳高,2025-07-05 10:45:15,2025-07-03 07:00:00,0,,,,,1,3,1992,田径场,44,2,4,"",,2,,,1,213
1993,初中三级跳远,2025-07-05 10:45:15,2025-07-03 07:00:00,0,,,,,1,3,1993,田径场,44,2,2,"",,2,,,0,220
1994,初中三级跳远,2025-07-05 10:45:15,2025-07-03 07:00:00,0,,,,,1,3,1994,田径场,44,2,2,"",,2,,,1,220
1995,县直小学三级跳远,2025-07-05 10:45:15,2025-07-03 07:00:00,0,,,,,1,3,1995,田径场,44,2,2,"",,2,,,0,213
1996,县直小学三级跳远,2025-07-05 10:45:15,2025-07-03 07:00:00,0,,,,,1,3,1996,田径场,44,2,2,"",,2,,,1,213
1997,农村小学三级跳远,2025-07-05 10:45:15,2025-07-03 07:00:00,0,,,,,1,3,1997,田径场,44,2,2,"",,2,,,0,220
1998,农村小学三级跳远,2025-07-05 10:45:15,2025-07-03 07:00:00,0,,,,,1,3,1998,田径场,44,2,2,"",,2,,,1,220
1999,初中跳远,2025-07-05 10:45:15,2025-07-03 07:00:00,0,,,,,1,3,1999,田径场,44,2,1,"",4,1,6,1,0,220
2000,初中跳远,2025-07-05 10:45:15,2025-07-03 07:00:00,0,,,,,1,3,2000,田径场,44,2,1,"",4,1,6,1,1,220
2001,县直小学跳远,2025-07-05 10:45:15,2025-07-03 07:00:00,0,,,,,1,3,2001,田径场,44,2,1,"",4,1,6,1,0,213
2002,县直小学跳远,2025-07-05 10:45:15,2025-07-03 07:00:00,0,,,,,1,3,2002,田径场,44,2,1,"",4,1,6,1,1,213
2003,农村小学跳远,2025-07-05 10:45:15,2025-07-03 07:00:00,0,,,,,1,3,2003,田径场,44,2,1,"",4,1,6,1,0,220
2004,农村小学跳远,2025-07-05 10:45:15,2025-07-03 07:00:00,0,,,,,1,3,2004,田径场,44,2,1,"",4,1,6,1,1,220
2005,高中铅球,2025-07-05 10:45:15,2025-07-03 07:00:00,0,,,,,1,3,2005,铅球坑,44,2,3,"",4,1,6,1,0,213
2006,高中铅球,2025-07-05 10:45:15,2025-07-03 07:00:00,0,,,,,1,3,2006,铅球坑,44,2,3,"",4,1,6,1,1,213
2007,初中铅球,2025-07-05 10:45:15,2025-07-03 07:00:00,0,,,,,1,3,2007,铅球坑,44,2,3,"",4,1,6,1,0,220
2008,初中铅球,2025-07-05 10:45:15,2025-07-03 07:00:00,0,,,,,1,3,2008,铅球坑,44,2,3,"",4,1,6,1,1,220
2009,农村小学铅球,2025-07-05 10:45:15,2025-07-03 07:00:00,0,,,,,1,3,2009,铅球坑,44,2,3,"",4,1,6,1,0,220
2010,农村小学铅球,2025-07-05 10:45:15,2025-07-03 07:00:00,0,,,,,1,3,2010,铅球坑,44,2,3,"",4,1,6,1,1,220
2011,初中4*100接力,2025-07-05 10:45:15,2025-07-03 07:00:00,0,,,,,1,3,2011,跑道,44,1,2,4*100,,2,,,0,
